BEGIN TRANSACTION;
CREATE TABLE IF NOT EXISTS "clientes" (
	"cliente_id"	INTEGER,
	"nome"	TEXT NOT NULL,
	"email"	TEXT NOT NULL,
	"telefone"	TEXT NOT NULL,
	"data_cadastro"	DATE NOT NULL,
	PRIMARY KEY("cliente_id" AUTOINCREMENT)
);
CREATE TABLE IF NOT EXISTS "contratos" (
	"contrato_id"	INTEGER,
	"cliente_id"	INTEGER NOT NULL,
	"veiculo_id"	INTEGER NOT NULL,
	"plano_id"	INTEGER NOT NULL,
	"data_inicio"	DATE NOT NULL,
	"data_fim"	DATE NOT NULL,
	"tipo_contrato"	TEXT NOT NULL,
	"valor_total"	REAL NOT NULL,
	PRIMARY KEY("contrato_id" AUTOINCREMENT),
	FOREIGN KEY("cliente_id") REFERENCES "clientes"("cliente_id"),
	FOREIGN KEY("plano_id") REFERENCES "planos"("plano_id"),
	FOREIGN KEY("veiculo_id") REFERENCES "veiculos"("veiculo_id")
);
CREATE TABLE IF NOT EXISTS "pagamentos" (
	"pagamento_id"	INTEGER,
	"contrato_id"	INTEGER NOT NULL,
	"valor_pago"	REAL NOT NULL,
	"valor_faltante"	REAL NOT NULL,
	"status"	TEXT NOT NULL,
	PRIMARY KEY("pagamento_id" AUTOINCREMENT),
	FOREIGN KEY("contrato_id") REFERENCES "contratos"("contrato_id")
);
CREATE TABLE IF NOT EXISTS "planos" (
	"plano_id"	INTEGER,
	"nome_plano"	TEXT NOT NULL,
	"duracao_dias"	INTEGER NOT NULL,
	"desconto_percent"	REAL NOT NULL,
	PRIMARY KEY("plano_id" AUTOINCREMENT)
);
CREATE TABLE IF NOT EXISTS "veiculos" (
	"veiculo_id"	INTEGER,
	"modelo"	TEXT NOT NULL,
	"categoria"	TEXT NOT NULL,
	"valor_dia"	REAL NOT NULL,
	PRIMARY KEY("veiculo_id" AUTOINCREMENT)
);
INSERT INTO "clientes" ("cliente_id","nome","email","telefone","data_cadastro") VALUES (1,'João Pereira','joão.pereira@email.com','(51)96461-2415','2024-02-20');
INSERT INTO "clientes" ("cliente_id","nome","email","telefone","data_cadastro") VALUES (2,'Lucas Santos','lucas.santos@email.com','(44)95503-4724','2024-11-09');
INSERT INTO "clientes" ("cliente_id","nome","email","telefone","data_cadastro") VALUES (3,'Rafael Silva','rafael.silva@email.com','(47)98968-1092','2025-01-11');
INSERT INTO "clientes" ("cliente_id","nome","email","telefone","data_cadastro") VALUES (4,'Bianca Costa','bianca.costa@email.com','(58)95508-8217','2024-04-26');
INSERT INTO "clientes" ("cliente_id","nome","email","telefone","data_cadastro") VALUES (5,'Rafael Pereira','rafael.pereira@email.com','(91)93928-5117','2025-01-23');
INSERT INTO "clientes" ("cliente_id","nome","email","telefone","data_cadastro") VALUES (6,'Felipe Souza','felipe.souza@email.com','(82)92474-2353','2024-03-16');
INSERT INTO "clientes" ("cliente_id","nome","email","telefone","data_cadastro") VALUES (7,'Juliana Pereira','juliana.pereira@email.com','(75)98329-9208','2024-06-27');
INSERT INTO "clientes" ("cliente_id","nome","email","telefone","data_cadastro") VALUES (8,'Marcos Silva','marcos.silva@email.com','(33)92151-9228','2024-08-27');
INSERT INTO "clientes" ("cliente_id","nome","email","telefone","data_cadastro") VALUES (9,'Lucas Almeida','lucas.almeida@email.com','(94)97106-7958','2024-02-27');
INSERT INTO "clientes" ("cliente_id","nome","email","telefone","data_cadastro") VALUES (10,'Felipe Santos','felipe.santos@email.com','(67)98199-8602','2024-10-09');
INSERT INTO "clientes" ("cliente_id","nome","email","telefone","data_cadastro") VALUES (11,'Maria Silva','maria.silva@email.com','(46)94910-6265','2024-08-24');
INSERT INTO "clientes" ("cliente_id","nome","email","telefone","data_cadastro") VALUES (12,'Bianca Santos','bianca.santos@email.com','(34)94600-4797','2025-01-26');
INSERT INTO "clientes" ("cliente_id","nome","email","telefone","data_cadastro") VALUES (13,'Felipe Silva','felipe.silva@email.com','(88)98447-3354','2024-08-15');
INSERT INTO "clientes" ("cliente_id","nome","email","telefone","data_cadastro") VALUES (14,'Maria Rodrigues','maria.rodrigues@email.com','(61)99561-6377','2024-09-16');
INSERT INTO "clientes" ("cliente_id","nome","email","telefone","data_cadastro") VALUES (15,'Rafael Nascimento','rafael.nascimento@email.com','(62)93009-4049','2024-07-01');
INSERT INTO "clientes" ("cliente_id","nome","email","telefone","data_cadastro") VALUES (16,'Maria Santos','maria.santos@email.com','(82)99772-7314','2024-04-08');
INSERT INTO "clientes" ("cliente_id","nome","email","telefone","data_cadastro") VALUES (17,'Felipe Nascimento','felipe.nascimento@email.com','(73)99524-6701','2024-06-26');
INSERT INTO "clientes" ("cliente_id","nome","email","telefone","data_cadastro") VALUES (18,'Maria Almeida','maria.almeida@email.com','(79)97758-5711','2024-10-13');
INSERT INTO "clientes" ("cliente_id","nome","email","telefone","data_cadastro") VALUES (19,'Bianca Melo','bianca.melo@email.com','(20)99694-9279','2024-06-18');
INSERT INTO "clientes" ("cliente_id","nome","email","telefone","data_cadastro") VALUES (20,'Laura Costa','laura.costa@email.com','(37)95371-2958','2024-11-15');
INSERT INTO "clientes" ("cliente_id","nome","email","telefone","data_cadastro") VALUES (21,'Felipe Costa','felipe.costa@email.com','(75)92425-9280','2024-09-11');
INSERT INTO "clientes" ("cliente_id","nome","email","telefone","data_cadastro") VALUES (22,'Juliana Rodrigues','juliana.rodrigues@email.com','(77)92678-8503','2024-10-20');
INSERT INTO "clientes" ("cliente_id","nome","email","telefone","data_cadastro") VALUES (23,'Pedro Silva','pedro.silva@email.com','(67)98704-6420','2024-07-07');
INSERT INTO "clientes" ("cliente_id","nome","email","telefone","data_cadastro") VALUES (24,'Carla Nascimento','carla.nascimento@email.com','(85)98813-9711','2024-05-04');
INSERT INTO "clientes" ("cliente_id","nome","email","telefone","data_cadastro") VALUES (25,'Ana Oliveira','ana.oliveira@email.com','(17)95459-9186','2024-05-30');
INSERT INTO "clientes" ("cliente_id","nome","email","telefone","data_cadastro") VALUES (26,'Rafael Santos','rafael.santos@email.com','(95)98632-7795','2024-01-16');
INSERT INTO "clientes" ("cliente_id","nome","email","telefone","data_cadastro") VALUES (27,'Maria Souza','maria.souza@email.com','(72)95882-7111','2024-01-21');
INSERT INTO "clientes" ("cliente_id","nome","email","telefone","data_cadastro") VALUES (28,'Lucas Oliveira','lucas.oliveira@email.com','(17)98448-3831','2024-10-20');
INSERT INTO "clientes" ("cliente_id","nome","email","telefone","data_cadastro") VALUES (29,'Juliana Souza','juliana.souza@email.com','(44)99451-9943','2024-08-20');
INSERT INTO "clientes" ("cliente_id","nome","email","telefone","data_cadastro") VALUES (30,'Ana Silva','ana.silva@email.com','(28)99981-4566','2024-05-31');
INSERT INTO "clientes" ("cliente_id","nome","email","telefone","data_cadastro") VALUES (31,'Carla Nascimento','carla.nascimento@email.com','(63)98988-7277','2024-11-23');
INSERT INTO "clientes" ("cliente_id","nome","email","telefone","data_cadastro") VALUES (32,'Felipe Souza','felipe.souza@email.com','(28)94226-7731','2024-03-24');
INSERT INTO "clientes" ("cliente_id","nome","email","telefone","data_cadastro") VALUES (33,'Marcos Melo','marcos.melo@email.com','(71)96125-2127','2024-05-12');
INSERT INTO "clientes" ("cliente_id","nome","email","telefone","data_cadastro") VALUES (34,'Pedro Almeida','pedro.almeida@email.com','(47)92713-2777','2024-08-13');
INSERT INTO "clientes" ("cliente_id","nome","email","telefone","data_cadastro") VALUES (35,'Bianca Nascimento','bianca.nascimento@email.com','(58)98741-7683','2024-06-15');
INSERT INTO "clientes" ("cliente_id","nome","email","telefone","data_cadastro") VALUES (36,'Ana Pereira','ana.pereira@email.com','(91)93050-7529','2024-09-12');
INSERT INTO "clientes" ("cliente_id","nome","email","telefone","data_cadastro") VALUES (37,'Rafael Souza','rafael.souza@email.com','(13)96258-3628','2025-02-03');
INSERT INTO "clientes" ("cliente_id","nome","email","telefone","data_cadastro") VALUES (38,'Juliana Oliveira','juliana.oliveira@email.com','(64)97386-9493','2024-02-19');
INSERT INTO "clientes" ("cliente_id","nome","email","telefone","data_cadastro") VALUES (39,'Carla Santos','carla.santos@email.com','(30)94928-1406','2024-08-05');
INSERT INTO "clientes" ("cliente_id","nome","email","telefone","data_cadastro") VALUES (40,'Laura Rodrigues','laura.rodrigues@email.com','(85)98995-8929','2024-09-09');
INSERT INTO "clientes" ("cliente_id","nome","email","telefone","data_cadastro") VALUES (41,'Juliana Pereira','juliana.pereira@email.com','(41)97181-6186','2024-11-22');
INSERT INTO "clientes" ("cliente_id","nome","email","telefone","data_cadastro") VALUES (42,'Bianca Oliveira','bianca.oliveira@email.com','(39)91104-9926','2024-10-15');
INSERT INTO "clientes" ("cliente_id","nome","email","telefone","data_cadastro") VALUES (43,'Laura Nascimento','laura.nascimento@email.com','(64)94762-9092','2024-11-23');
INSERT INTO "clientes" ("cliente_id","nome","email","telefone","data_cadastro") VALUES (44,'Bianca Pereira','bianca.pereira@email.com','(55)94588-5787','2024-03-21');
INSERT INTO "clientes" ("cliente_id","nome","email","telefone","data_cadastro") VALUES (45,'Carla Costa','carla.costa@email.com','(31)91003-1235','2024-07-26');
INSERT INTO "clientes" ("cliente_id","nome","email","telefone","data_cadastro") VALUES (46,'Carla Santos','carla.santos@email.com','(89)91364-9043','2024-07-26');
INSERT INTO "clientes" ("cliente_id","nome","email","telefone","data_cadastro") VALUES (47,'Juliana Nascimento','juliana.nascimento@email.com','(85)91213-4212','2024-06-10');
INSERT INTO "clientes" ("cliente_id","nome","email","telefone","data_cadastro") VALUES (48,'Rafael Rodrigues','rafael.rodrigues@email.com','(20)94638-3294','2024-04-19');
INSERT INTO "clientes" ("cliente_id","nome","email","telefone","data_cadastro") VALUES (49,'Rafael Oliveira','rafael.oliveira@email.com','(79)95381-8533','2024-09-18');
INSERT INTO "clientes" ("cliente_id","nome","email","telefone","data_cadastro") VALUES (50,'Felipe Costa','felipe.costa@email.com','(45)98170-5143','2024-06-06');
INSERT INTO "clientes" ("cliente_id","nome","email","telefone","data_cadastro") VALUES (51,'Felipe Souza','felipe.souza@email.com','(81)93803-3176','2024-12-12');
INSERT INTO "clientes" ("cliente_id","nome","email","telefone","data_cadastro") VALUES (52,'Maria Rodrigues','maria.rodrigues@email.com','(48)98132-1995','2024-08-13');
INSERT INTO "clientes" ("cliente_id","nome","email","telefone","data_cadastro") VALUES (53,'Maria Rodrigues','maria.rodrigues@email.com','(45)91924-3396','2024-12-27');
INSERT INTO "clientes" ("cliente_id","nome","email","telefone","data_cadastro") VALUES (54,'Rafael Silva','rafael.silva@email.com','(92)96067-8164','2024-09-28');
INSERT INTO "clientes" ("cliente_id","nome","email","telefone","data_cadastro") VALUES (55,'Felipe Almeida','felipe.almeida@email.com','(55)97898-7047','2024-06-06');
INSERT INTO "clientes" ("cliente_id","nome","email","telefone","data_cadastro") VALUES (56,'João Silva','joão.silva@email.com','(11)96578-5760','2024-12-23');
INSERT INTO "clientes" ("cliente_id","nome","email","telefone","data_cadastro") VALUES (57,'Juliana Oliveira','juliana.oliveira@email.com','(87)99569-1866','2024-08-08');
INSERT INTO "clientes" ("cliente_id","nome","email","telefone","data_cadastro") VALUES (58,'Lucas Almeida','lucas.almeida@email.com','(84)96123-5686','2024-01-28');
INSERT INTO "clientes" ("cliente_id","nome","email","telefone","data_cadastro") VALUES (59,'Juliana Oliveira','juliana.oliveira@email.com','(69)98430-4402','2024-04-27');
INSERT INTO "clientes" ("cliente_id","nome","email","telefone","data_cadastro") VALUES (60,'Marcos Souza','marcos.souza@email.com','(37)96972-5306','2024-11-06');
INSERT INTO "clientes" ("cliente_id","nome","email","telefone","data_cadastro") VALUES (61,'Marcos Souza','marcos.souza@email.com','(35)95904-5005','2024-05-24');
INSERT INTO "clientes" ("cliente_id","nome","email","telefone","data_cadastro") VALUES (62,'Laura Souza','laura.souza@email.com','(66)97453-8961','2024-05-07');
INSERT INTO "clientes" ("cliente_id","nome","email","telefone","data_cadastro") VALUES (63,'Felipe Nascimento','felipe.nascimento@email.com','(63)94138-5930','2024-05-28');
INSERT INTO "clientes" ("cliente_id","nome","email","telefone","data_cadastro") VALUES (64,'Rafael Santos','rafael.santos@email.com','(48)95169-3780','2024-08-28');
INSERT INTO "clientes" ("cliente_id","nome","email","telefone","data_cadastro") VALUES (65,'Maria Souza','maria.souza@email.com','(52)92824-3187','2024-10-03');
INSERT INTO "clientes" ("cliente_id","nome","email","telefone","data_cadastro") VALUES (66,'João Almeida','joão.almeida@email.com','(97)92892-7660','2024-09-06');
INSERT INTO "clientes" ("cliente_id","nome","email","telefone","data_cadastro") VALUES (67,'Maria Almeida','maria.almeida@email.com','(13)93700-3682','2024-04-15');
INSERT INTO "clientes" ("cliente_id","nome","email","telefone","data_cadastro") VALUES (68,'Pedro Almeida','pedro.almeida@email.com','(12)91803-8859','2024-07-30');
INSERT INTO "clientes" ("cliente_id","nome","email","telefone","data_cadastro") VALUES (69,'Bianca Silva','bianca.silva@email.com','(57)98064-3362','2024-08-07');
INSERT INTO "clientes" ("cliente_id","nome","email","telefone","data_cadastro") VALUES (70,'Laura Nascimento','laura.nascimento@email.com','(85)93869-4664','2024-05-07');
INSERT INTO "clientes" ("cliente_id","nome","email","telefone","data_cadastro") VALUES (71,'Carla Oliveira','carla.oliveira@email.com','(81)94959-3823','2024-12-02');
INSERT INTO "clientes" ("cliente_id","nome","email","telefone","data_cadastro") VALUES (72,'Laura Silva','laura.silva@email.com','(18)97654-1399','2024-11-04');
INSERT INTO "clientes" ("cliente_id","nome","email","telefone","data_cadastro") VALUES (73,'Marcos Costa','marcos.costa@email.com','(95)98126-7842','2025-01-28');
INSERT INTO "clientes" ("cliente_id","nome","email","telefone","data_cadastro") VALUES (74,'Felipe Oliveira','felipe.oliveira@email.com','(78)94394-1292','2024-08-18');
INSERT INTO "clientes" ("cliente_id","nome","email","telefone","data_cadastro") VALUES (75,'Laura Almeida','laura.almeida@email.com','(88)91190-8801','2024-04-01');
INSERT INTO "clientes" ("cliente_id","nome","email","telefone","data_cadastro") VALUES (76,'Marcos Pereira','marcos.pereira@email.com','(70)95732-1130','2024-05-08');
INSERT INTO "clientes" ("cliente_id","nome","email","telefone","data_cadastro") VALUES (77,'João Rodrigues','joão.rodrigues@email.com','(80)99321-1949','2024-11-07');
INSERT INTO "clientes" ("cliente_id","nome","email","telefone","data_cadastro") VALUES (78,'Pedro Silva','pedro.silva@email.com','(21)94112-5162','2024-08-05');
INSERT INTO "clientes" ("cliente_id","nome","email","telefone","data_cadastro") VALUES (79,'Bianca Costa','bianca.costa@email.com','(70)96105-2827','2024-09-25');
INSERT INTO "clientes" ("cliente_id","nome","email","telefone","data_cadastro") VALUES (80,'Juliana Pereira','juliana.pereira@email.com','(14)94882-1575','2024-07-30');
INSERT INTO "contratos" ("contrato_id","cliente_id","veiculo_id","plano_id","data_inicio","data_fim","tipo_contrato","valor_total") VALUES (1,18,4,3,'2024-06-06','2024-07-06','Pessoa Jurídica',3240.0);
INSERT INTO "contratos" ("contrato_id","cliente_id","veiculo_id","plano_id","data_inicio","data_fim","tipo_contrato","valor_total") VALUES (2,75,5,3,'2024-01-10','2024-02-09','Pessoa Física',3105.0);
INSERT INTO "contratos" ("contrato_id","cliente_id","veiculo_id","plano_id","data_inicio","data_fim","tipo_contrato","valor_total") VALUES (3,53,6,1,'2024-09-22','2024-09-23','Pessoa Jurídica',300.0);
INSERT INTO "contratos" ("contrato_id","cliente_id","veiculo_id","plano_id","data_inicio","data_fim","tipo_contrato","valor_total") VALUES (4,27,8,3,'2024-04-06','2024-05-06','Pessoa Física',6210.0);
INSERT INTO "contratos" ("contrato_id","cliente_id","veiculo_id","plano_id","data_inicio","data_fim","tipo_contrato","valor_total") VALUES (5,19,3,1,'2024-11-15','2024-11-16','Pessoa Jurídica',250.0);
INSERT INTO "contratos" ("contrato_id","cliente_id","veiculo_id","plano_id","data_inicio","data_fim","tipo_contrato","valor_total") VALUES (6,56,4,2,'2024-01-23','2024-01-30','Pessoa Física',798.0);
INSERT INTO "contratos" ("contrato_id","cliente_id","veiculo_id","plano_id","data_inicio","data_fim","tipo_contrato","valor_total") VALUES (7,54,2,1,'2024-06-16','2024-06-17','Pessoa Física',175.0);
INSERT INTO "contratos" ("contrato_id","cliente_id","veiculo_id","plano_id","data_inicio","data_fim","tipo_contrato","valor_total") VALUES (8,17,1,1,'2024-03-16','2024-03-17','Pessoa Jurídica',180.0);
INSERT INTO "contratos" ("contrato_id","cliente_id","veiculo_id","plano_id","data_inicio","data_fim","tipo_contrato","valor_total") VALUES (9,56,2,1,'2024-02-10','2024-02-11','Pessoa Física',175.0);
INSERT INTO "contratos" ("contrato_id","cliente_id","veiculo_id","plano_id","data_inicio","data_fim","tipo_contrato","valor_total") VALUES (10,52,2,3,'2024-05-20','2024-06-19','Pessoa Física',4725.0);
INSERT INTO "contratos" ("contrato_id","cliente_id","veiculo_id","plano_id","data_inicio","data_fim","tipo_contrato","valor_total") VALUES (11,20,7,3,'2024-04-10','2024-05-10','Pessoa Física',7560.0);
INSERT INTO "contratos" ("contrato_id","cliente_id","veiculo_id","plano_id","data_inicio","data_fim","tipo_contrato","valor_total") VALUES (12,12,2,2,'2024-01-14','2024-01-21','Pessoa Jurídica',1163.75);
INSERT INTO "contratos" ("contrato_id","cliente_id","veiculo_id","plano_id","data_inicio","data_fim","tipo_contrato","valor_total") VALUES (13,17,4,1,'2024-12-13','2024-12-14','Pessoa Jurídica',120.0);
INSERT INTO "contratos" ("contrato_id","cliente_id","veiculo_id","plano_id","data_inicio","data_fim","tipo_contrato","valor_total") VALUES (14,57,2,3,'2024-03-22','2024-04-21','Pessoa Jurídica',4725.0);
INSERT INTO "contratos" ("contrato_id","cliente_id","veiculo_id","plano_id","data_inicio","data_fim","tipo_contrato","valor_total") VALUES (15,46,7,3,'2024-11-19','2024-12-19','Pessoa Jurídica',7560.0);
INSERT INTO "contratos" ("contrato_id","cliente_id","veiculo_id","plano_id","data_inicio","data_fim","tipo_contrato","valor_total") VALUES (16,51,1,3,'2025-02-02','2025-03-04','Pessoa Jurídica',4860.0);
INSERT INTO "contratos" ("contrato_id","cliente_id","veiculo_id","plano_id","data_inicio","data_fim","tipo_contrato","valor_total") VALUES (17,20,4,2,'2024-09-21','2024-09-28','Pessoa Física',798.0);
INSERT INTO "contratos" ("contrato_id","cliente_id","veiculo_id","plano_id","data_inicio","data_fim","tipo_contrato","valor_total") VALUES (18,75,1,2,'2024-07-15','2024-07-22','Pessoa Física',1197.0);
INSERT INTO "contratos" ("contrato_id","cliente_id","veiculo_id","plano_id","data_inicio","data_fim","tipo_contrato","valor_total") VALUES (19,16,4,1,'2025-01-15','2025-01-16','Pessoa Física',120.0);
INSERT INTO "contratos" ("contrato_id","cliente_id","veiculo_id","plano_id","data_inicio","data_fim","tipo_contrato","valor_total") VALUES (20,50,2,1,'2024-01-12','2024-01-13','Pessoa Física',175.0);
INSERT INTO "contratos" ("contrato_id","cliente_id","veiculo_id","plano_id","data_inicio","data_fim","tipo_contrato","valor_total") VALUES (21,6,2,1,'2024-10-03','2024-10-04','Pessoa Física',175.0);
INSERT INTO "contratos" ("contrato_id","cliente_id","veiculo_id","plano_id","data_inicio","data_fim","tipo_contrato","valor_total") VALUES (22,47,7,2,'2024-03-13','2024-03-20','Pessoa Jurídica',1862.0);
INSERT INTO "contratos" ("contrato_id","cliente_id","veiculo_id","plano_id","data_inicio","data_fim","tipo_contrato","valor_total") VALUES (23,64,3,1,'2024-06-25','2024-06-26','Pessoa Jurídica',250.0);
INSERT INTO "contratos" ("contrato_id","cliente_id","veiculo_id","plano_id","data_inicio","data_fim","tipo_contrato","valor_total") VALUES (24,39,5,3,'2024-11-29','2024-12-29','Pessoa Jurídica',3105.0);
INSERT INTO "contratos" ("contrato_id","cliente_id","veiculo_id","plano_id","data_inicio","data_fim","tipo_contrato","valor_total") VALUES (25,50,4,1,'2024-07-20','2024-07-21','Pessoa Física',120.0);
INSERT INTO "contratos" ("contrato_id","cliente_id","veiculo_id","plano_id","data_inicio","data_fim","tipo_contrato","valor_total") VALUES (26,53,4,3,'2024-10-18','2024-11-17','Pessoa Jurídica',3240.0);
INSERT INTO "contratos" ("contrato_id","cliente_id","veiculo_id","plano_id","data_inicio","data_fim","tipo_contrato","valor_total") VALUES (27,11,5,2,'2024-09-08','2024-09-15','Pessoa Física',764.75);
INSERT INTO "contratos" ("contrato_id","cliente_id","veiculo_id","plano_id","data_inicio","data_fim","tipo_contrato","valor_total") VALUES (28,68,3,2,'2024-01-21','2024-01-28','Pessoa Física',1662.5);
INSERT INTO "contratos" ("contrato_id","cliente_id","veiculo_id","plano_id","data_inicio","data_fim","tipo_contrato","valor_total") VALUES (29,1,3,2,'2024-08-14','2024-08-21','Pessoa Jurídica',1662.5);
INSERT INTO "contratos" ("contrato_id","cliente_id","veiculo_id","plano_id","data_inicio","data_fim","tipo_contrato","valor_total") VALUES (30,45,2,1,'2024-06-08','2024-06-09','Pessoa Física',175.0);
INSERT INTO "contratos" ("contrato_id","cliente_id","veiculo_id","plano_id","data_inicio","data_fim","tipo_contrato","valor_total") VALUES (31,70,5,2,'2024-10-23','2024-10-30','Pessoa Jurídica',764.75);
INSERT INTO "contratos" ("contrato_id","cliente_id","veiculo_id","plano_id","data_inicio","data_fim","tipo_contrato","valor_total") VALUES (32,51,1,1,'2024-09-12','2024-09-13','Pessoa Física',180.0);
INSERT INTO "contratos" ("contrato_id","cliente_id","veiculo_id","plano_id","data_inicio","data_fim","tipo_contrato","valor_total") VALUES (33,15,7,2,'2024-05-10','2024-05-17','Pessoa Jurídica',1862.0);
INSERT INTO "contratos" ("contrato_id","cliente_id","veiculo_id","plano_id","data_inicio","data_fim","tipo_contrato","valor_total") VALUES (34,1,3,1,'2024-12-03','2024-12-04','Pessoa Física',250.0);
INSERT INTO "contratos" ("contrato_id","cliente_id","veiculo_id","plano_id","data_inicio","data_fim","tipo_contrato","valor_total") VALUES (35,1,1,2,'2024-09-27','2024-10-04','Pessoa Física',1197.0);
INSERT INTO "contratos" ("contrato_id","cliente_id","veiculo_id","plano_id","data_inicio","data_fim","tipo_contrato","valor_total") VALUES (36,52,7,3,'2024-05-24','2024-06-23','Pessoa Jurídica',7560.0);
INSERT INTO "contratos" ("contrato_id","cliente_id","veiculo_id","plano_id","data_inicio","data_fim","tipo_contrato","valor_total") VALUES (37,79,1,3,'2024-10-02','2024-11-01','Pessoa Jurídica',4860.0);
INSERT INTO "contratos" ("contrato_id","cliente_id","veiculo_id","plano_id","data_inicio","data_fim","tipo_contrato","valor_total") VALUES (38,35,8,1,'2024-06-23','2024-06-24','Pessoa Física',230.0);
INSERT INTO "contratos" ("contrato_id","cliente_id","veiculo_id","plano_id","data_inicio","data_fim","tipo_contrato","valor_total") VALUES (39,5,7,3,'2024-11-03','2024-12-03','Pessoa Jurídica',7560.0);
INSERT INTO "contratos" ("contrato_id","cliente_id","veiculo_id","plano_id","data_inicio","data_fim","tipo_contrato","valor_total") VALUES (40,58,5,3,'2024-06-17','2024-07-17','Pessoa Jurídica',3105.0);
INSERT INTO "contratos" ("contrato_id","cliente_id","veiculo_id","plano_id","data_inicio","data_fim","tipo_contrato","valor_total") VALUES (41,61,2,2,'2024-10-12','2024-10-19','Pessoa Jurídica',1163.75);
INSERT INTO "contratos" ("contrato_id","cliente_id","veiculo_id","plano_id","data_inicio","data_fim","tipo_contrato","valor_total") VALUES (42,54,1,3,'2024-10-29','2024-11-28','Pessoa Física',4860.0);
INSERT INTO "contratos" ("contrato_id","cliente_id","veiculo_id","plano_id","data_inicio","data_fim","tipo_contrato","valor_total") VALUES (43,39,7,2,'2024-10-08','2024-10-15','Pessoa Física',1862.0);
INSERT INTO "contratos" ("contrato_id","cliente_id","veiculo_id","plano_id","data_inicio","data_fim","tipo_contrato","valor_total") VALUES (44,29,7,1,'2024-05-13','2024-05-14','Pessoa Física',280.0);
INSERT INTO "contratos" ("contrato_id","cliente_id","veiculo_id","plano_id","data_inicio","data_fim","tipo_contrato","valor_total") VALUES (45,80,8,3,'2024-02-15','2024-03-16','Pessoa Física',6210.0);
INSERT INTO "contratos" ("contrato_id","cliente_id","veiculo_id","plano_id","data_inicio","data_fim","tipo_contrato","valor_total") VALUES (46,66,6,2,'2024-07-20','2024-07-27','Pessoa Jurídica',1995.0);
INSERT INTO "contratos" ("contrato_id","cliente_id","veiculo_id","plano_id","data_inicio","data_fim","tipo_contrato","valor_total") VALUES (47,50,5,3,'2024-11-12','2024-12-12','Pessoa Jurídica',3105.0);
INSERT INTO "contratos" ("contrato_id","cliente_id","veiculo_id","plano_id","data_inicio","data_fim","tipo_contrato","valor_total") VALUES (48,11,8,3,'2024-06-16','2024-07-16','Pessoa Jurídica',6210.0);
INSERT INTO "contratos" ("contrato_id","cliente_id","veiculo_id","plano_id","data_inicio","data_fim","tipo_contrato","valor_total") VALUES (49,15,6,1,'2024-12-09','2024-12-10','Pessoa Física',300.0);
INSERT INTO "contratos" ("contrato_id","cliente_id","veiculo_id","plano_id","data_inicio","data_fim","tipo_contrato","valor_total") VALUES (50,30,1,3,'2024-01-14','2024-02-13','Pessoa Física',4860.0);
INSERT INTO "contratos" ("contrato_id","cliente_id","veiculo_id","plano_id","data_inicio","data_fim","tipo_contrato","valor_total") VALUES (51,37,3,2,'2024-11-18','2024-11-25','Pessoa Física',1662.5);
INSERT INTO "contratos" ("contrato_id","cliente_id","veiculo_id","plano_id","data_inicio","data_fim","tipo_contrato","valor_total") VALUES (52,5,6,2,'2024-12-10','2024-12-17','Pessoa Jurídica',1995.0);
INSERT INTO "contratos" ("contrato_id","cliente_id","veiculo_id","plano_id","data_inicio","data_fim","tipo_contrato","valor_total") VALUES (53,62,3,3,'2024-03-04','2024-04-03','Pessoa Jurídica',6750.0);
INSERT INTO "contratos" ("contrato_id","cliente_id","veiculo_id","plano_id","data_inicio","data_fim","tipo_contrato","valor_total") VALUES (54,70,2,1,'2024-06-25','2024-06-26','Pessoa Jurídica',175.0);
INSERT INTO "contratos" ("contrato_id","cliente_id","veiculo_id","plano_id","data_inicio","data_fim","tipo_contrato","valor_total") VALUES (55,67,3,1,'2024-07-06','2024-07-07','Pessoa Física',250.0);
INSERT INTO "contratos" ("contrato_id","cliente_id","veiculo_id","plano_id","data_inicio","data_fim","tipo_contrato","valor_total") VALUES (56,22,1,1,'2024-04-12','2024-04-13','Pessoa Física',180.0);
INSERT INTO "contratos" ("contrato_id","cliente_id","veiculo_id","plano_id","data_inicio","data_fim","tipo_contrato","valor_total") VALUES (57,9,6,1,'2024-09-27','2024-09-28','Pessoa Jurídica',300.0);
INSERT INTO "contratos" ("contrato_id","cliente_id","veiculo_id","plano_id","data_inicio","data_fim","tipo_contrato","valor_total") VALUES (58,57,2,2,'2024-06-18','2024-06-25','Pessoa Física',1163.75);
INSERT INTO "contratos" ("contrato_id","cliente_id","veiculo_id","plano_id","data_inicio","data_fim","tipo_contrato","valor_total") VALUES (59,52,1,1,'2024-06-18','2024-06-19','Pessoa Física',180.0);
INSERT INTO "contratos" ("contrato_id","cliente_id","veiculo_id","plano_id","data_inicio","data_fim","tipo_contrato","valor_total") VALUES (60,7,2,2,'2024-01-03','2024-01-10','Pessoa Física',1163.75);
INSERT INTO "contratos" ("contrato_id","cliente_id","veiculo_id","plano_id","data_inicio","data_fim","tipo_contrato","valor_total") VALUES (61,41,4,2,'2024-11-08','2024-11-15','Pessoa Jurídica',798.0);
INSERT INTO "contratos" ("contrato_id","cliente_id","veiculo_id","plano_id","data_inicio","data_fim","tipo_contrato","valor_total") VALUES (62,29,7,2,'2024-06-14','2024-06-21','Pessoa Jurídica',1862.0);
INSERT INTO "contratos" ("contrato_id","cliente_id","veiculo_id","plano_id","data_inicio","data_fim","tipo_contrato","valor_total") VALUES (63,52,7,1,'2024-10-09','2024-10-10','Pessoa Jurídica',280.0);
INSERT INTO "contratos" ("contrato_id","cliente_id","veiculo_id","plano_id","data_inicio","data_fim","tipo_contrato","valor_total") VALUES (64,31,2,2,'2024-01-29','2024-02-05','Pessoa Física',1163.75);
INSERT INTO "contratos" ("contrato_id","cliente_id","veiculo_id","plano_id","data_inicio","data_fim","tipo_contrato","valor_total") VALUES (65,66,5,1,'2024-05-18','2024-05-19','Pessoa Jurídica',115.0);
INSERT INTO "contratos" ("contrato_id","cliente_id","veiculo_id","plano_id","data_inicio","data_fim","tipo_contrato","valor_total") VALUES (66,14,6,2,'2024-06-04','2024-06-11','Pessoa Física',1995.0);
INSERT INTO "contratos" ("contrato_id","cliente_id","veiculo_id","plano_id","data_inicio","data_fim","tipo_contrato","valor_total") VALUES (67,58,1,3,'2024-10-07','2024-11-06','Pessoa Jurídica',4860.0);
INSERT INTO "contratos" ("contrato_id","cliente_id","veiculo_id","plano_id","data_inicio","data_fim","tipo_contrato","valor_total") VALUES (68,48,1,3,'2024-09-26','2024-10-26','Pessoa Jurídica',4860.0);
INSERT INTO "contratos" ("contrato_id","cliente_id","veiculo_id","plano_id","data_inicio","data_fim","tipo_contrato","valor_total") VALUES (69,74,7,2,'2024-11-14','2024-11-21','Pessoa Jurídica',1862.0);
INSERT INTO "contratos" ("contrato_id","cliente_id","veiculo_id","plano_id","data_inicio","data_fim","tipo_contrato","valor_total") VALUES (70,80,4,2,'2024-04-13','2024-04-20','Pessoa Física',798.0);
INSERT INTO "contratos" ("contrato_id","cliente_id","veiculo_id","plano_id","data_inicio","data_fim","tipo_contrato","valor_total") VALUES (71,19,2,3,'2024-05-22','2024-06-21','Pessoa Física',4725.0);
INSERT INTO "contratos" ("contrato_id","cliente_id","veiculo_id","plano_id","data_inicio","data_fim","tipo_contrato","valor_total") VALUES (72,35,6,2,'2024-09-26','2024-10-03','Pessoa Física',1995.0);
INSERT INTO "contratos" ("contrato_id","cliente_id","veiculo_id","plano_id","data_inicio","data_fim","tipo_contrato","valor_total") VALUES (73,22,8,1,'2024-05-10','2024-05-11','Pessoa Física',230.0);
INSERT INTO "contratos" ("contrato_id","cliente_id","veiculo_id","plano_id","data_inicio","data_fim","tipo_contrato","valor_total") VALUES (74,1,2,3,'2024-03-11','2024-04-10','Pessoa Jurídica',4725.0);
INSERT INTO "contratos" ("contrato_id","cliente_id","veiculo_id","plano_id","data_inicio","data_fim","tipo_contrato","valor_total") VALUES (75,79,3,1,'2024-11-09','2024-11-10','Pessoa Física',250.0);
INSERT INTO "contratos" ("contrato_id","cliente_id","veiculo_id","plano_id","data_inicio","data_fim","tipo_contrato","valor_total") VALUES (76,32,8,1,'2025-01-09','2025-01-10','Pessoa Jurídica',230.0);
INSERT INTO "contratos" ("contrato_id","cliente_id","veiculo_id","plano_id","data_inicio","data_fim","tipo_contrato","valor_total") VALUES (77,60,7,1,'2024-06-25','2024-06-26','Pessoa Física',280.0);
INSERT INTO "contratos" ("contrato_id","cliente_id","veiculo_id","plano_id","data_inicio","data_fim","tipo_contrato","valor_total") VALUES (78,76,4,1,'2024-08-21','2024-08-22','Pessoa Física',120.0);
INSERT INTO "contratos" ("contrato_id","cliente_id","veiculo_id","plano_id","data_inicio","data_fim","tipo_contrato","valor_total") VALUES (79,21,2,2,'2024-04-12','2024-04-19','Pessoa Física',1163.75);
INSERT INTO "contratos" ("contrato_id","cliente_id","veiculo_id","plano_id","data_inicio","data_fim","tipo_contrato","valor_total") VALUES (80,34,2,3,'2024-07-14','2024-08-13','Pessoa Jurídica',4725.0);
INSERT INTO "contratos" ("contrato_id","cliente_id","veiculo_id","plano_id","data_inicio","data_fim","tipo_contrato","valor_total") VALUES (81,80,7,2,'2024-05-16','2024-05-23','Pessoa Física',1862.0);
INSERT INTO "contratos" ("contrato_id","cliente_id","veiculo_id","plano_id","data_inicio","data_fim","tipo_contrato","valor_total") VALUES (82,5,7,2,'2024-01-07','2024-01-14','Pessoa Física',1862.0);
INSERT INTO "contratos" ("contrato_id","cliente_id","veiculo_id","plano_id","data_inicio","data_fim","tipo_contrato","valor_total") VALUES (83,38,2,2,'2024-05-18','2024-05-25','Pessoa Jurídica',1163.75);
INSERT INTO "contratos" ("contrato_id","cliente_id","veiculo_id","plano_id","data_inicio","data_fim","tipo_contrato","valor_total") VALUES (84,25,3,1,'2024-10-23','2024-10-24','Pessoa Jurídica',250.0);
INSERT INTO "contratos" ("contrato_id","cliente_id","veiculo_id","plano_id","data_inicio","data_fim","tipo_contrato","valor_total") VALUES (85,38,3,1,'2024-01-12','2024-01-13','Pessoa Jurídica',250.0);
INSERT INTO "contratos" ("contrato_id","cliente_id","veiculo_id","plano_id","data_inicio","data_fim","tipo_contrato","valor_total") VALUES (86,78,4,2,'2024-12-09','2024-12-16','Pessoa Física',798.0);
INSERT INTO "contratos" ("contrato_id","cliente_id","veiculo_id","plano_id","data_inicio","data_fim","tipo_contrato","valor_total") VALUES (87,68,8,2,'2025-01-30','2025-02-06','Pessoa Física',1529.5);
INSERT INTO "contratos" ("contrato_id","cliente_id","veiculo_id","plano_id","data_inicio","data_fim","tipo_contrato","valor_total") VALUES (88,8,8,2,'2024-06-19','2024-06-26','Pessoa Jurídica',1529.5);
INSERT INTO "contratos" ("contrato_id","cliente_id","veiculo_id","plano_id","data_inicio","data_fim","tipo_contrato","valor_total") VALUES (89,53,2,2,'2024-07-20','2024-07-27','Pessoa Física',1163.75);
INSERT INTO "contratos" ("contrato_id","cliente_id","veiculo_id","plano_id","data_inicio","data_fim","tipo_contrato","valor_total") VALUES (90,19,4,1,'2024-12-20','2024-12-21','Pessoa Jurídica',120.0);
INSERT INTO "contratos" ("contrato_id","cliente_id","veiculo_id","plano_id","data_inicio","data_fim","tipo_contrato","valor_total") VALUES (91,57,5,2,'2024-09-03','2024-09-10','Pessoa Jurídica',764.75);
INSERT INTO "contratos" ("contrato_id","cliente_id","veiculo_id","plano_id","data_inicio","data_fim","tipo_contrato","valor_total") VALUES (92,3,1,3,'2024-04-11','2024-05-11','Pessoa Jurídica',4860.0);
INSERT INTO "contratos" ("contrato_id","cliente_id","veiculo_id","plano_id","data_inicio","data_fim","tipo_contrato","valor_total") VALUES (93,8,2,3,'2024-09-02','2024-10-02','Pessoa Física',4725.0);
INSERT INTO "contratos" ("contrato_id","cliente_id","veiculo_id","plano_id","data_inicio","data_fim","tipo_contrato","valor_total") VALUES (94,66,8,1,'2024-03-20','2024-03-21','Pessoa Física',230.0);
INSERT INTO "contratos" ("contrato_id","cliente_id","veiculo_id","plano_id","data_inicio","data_fim","tipo_contrato","valor_total") VALUES (95,55,8,1,'2024-10-05','2024-10-06','Pessoa Física',230.0);
INSERT INTO "contratos" ("contrato_id","cliente_id","veiculo_id","plano_id","data_inicio","data_fim","tipo_contrato","valor_total") VALUES (96,13,4,2,'2024-09-21','2024-09-28','Pessoa Jurídica',798.0);
INSERT INTO "contratos" ("contrato_id","cliente_id","veiculo_id","plano_id","data_inicio","data_fim","tipo_contrato","valor_total") VALUES (97,57,2,1,'2024-06-22','2024-06-23','Pessoa Física',175.0);
INSERT INTO "contratos" ("contrato_id","cliente_id","veiculo_id","plano_id","data_inicio","data_fim","tipo_contrato","valor_total") VALUES (98,76,2,2,'2024-05-16','2024-05-23','Pessoa Jurídica',1163.75);
INSERT INTO "contratos" ("contrato_id","cliente_id","veiculo_id","plano_id","data_inicio","data_fim","tipo_contrato","valor_total") VALUES (99,27,3,2,'2024-10-31','2024-11-07','Pessoa Jurídica',1662.5);
INSERT INTO "contratos" ("contrato_id","cliente_id","veiculo_id","plano_id","data_inicio","data_fim","tipo_contrato","valor_total") VALUES (100,67,4,2,'2024-02-19','2024-02-26','Pessoa Física',798.0);
INSERT INTO "contratos" ("contrato_id","cliente_id","veiculo_id","plano_id","data_inicio","data_fim","tipo_contrato","valor_total") VALUES (101,78,3,3,'2025-01-14','2025-02-13','Pessoa Física',6750.0);
INSERT INTO "contratos" ("contrato_id","cliente_id","veiculo_id","plano_id","data_inicio","data_fim","tipo_contrato","valor_total") VALUES (102,65,5,2,'2024-02-24','2024-03-02','Pessoa Jurídica',764.75);
INSERT INTO "contratos" ("contrato_id","cliente_id","veiculo_id","plano_id","data_inicio","data_fim","tipo_contrato","valor_total") VALUES (103,45,7,2,'2024-02-15','2024-02-22','Pessoa Jurídica',1862.0);
INSERT INTO "contratos" ("contrato_id","cliente_id","veiculo_id","plano_id","data_inicio","data_fim","tipo_contrato","valor_total") VALUES (104,15,7,1,'2024-11-20','2024-11-21','Pessoa Física',280.0);
INSERT INTO "contratos" ("contrato_id","cliente_id","veiculo_id","plano_id","data_inicio","data_fim","tipo_contrato","valor_total") VALUES (105,36,3,2,'2024-06-26','2024-07-03','Pessoa Física',1662.5);
INSERT INTO "contratos" ("contrato_id","cliente_id","veiculo_id","plano_id","data_inicio","data_fim","tipo_contrato","valor_total") VALUES (106,28,2,3,'2025-01-29','2025-02-28','Pessoa Jurídica',4725.0);
INSERT INTO "contratos" ("contrato_id","cliente_id","veiculo_id","plano_id","data_inicio","data_fim","tipo_contrato","valor_total") VALUES (107,78,5,2,'2024-09-16','2024-09-23','Pessoa Física',764.75);
INSERT INTO "contratos" ("contrato_id","cliente_id","veiculo_id","plano_id","data_inicio","data_fim","tipo_contrato","valor_total") VALUES (108,23,4,2,'2024-05-26','2024-06-02','Pessoa Jurídica',798.0);
INSERT INTO "contratos" ("contrato_id","cliente_id","veiculo_id","plano_id","data_inicio","data_fim","tipo_contrato","valor_total") VALUES (109,25,2,2,'2024-10-18','2024-10-25','Pessoa Física',1163.75);
INSERT INTO "contratos" ("contrato_id","cliente_id","veiculo_id","plano_id","data_inicio","data_fim","tipo_contrato","valor_total") VALUES (110,27,7,3,'2024-05-15','2024-06-14','Pessoa Jurídica',7560.0);
INSERT INTO "contratos" ("contrato_id","cliente_id","veiculo_id","plano_id","data_inicio","data_fim","tipo_contrato","valor_total") VALUES (111,54,2,1,'2024-11-19','2024-11-20','Pessoa Jurídica',175.0);
INSERT INTO "contratos" ("contrato_id","cliente_id","veiculo_id","plano_id","data_inicio","data_fim","tipo_contrato","valor_total") VALUES (112,57,3,3,'2024-10-10','2024-11-09','Pessoa Física',6750.0);
INSERT INTO "contratos" ("contrato_id","cliente_id","veiculo_id","plano_id","data_inicio","data_fim","tipo_contrato","valor_total") VALUES (113,58,3,1,'2024-07-09','2024-07-10','Pessoa Física',250.0);
INSERT INTO "contratos" ("contrato_id","cliente_id","veiculo_id","plano_id","data_inicio","data_fim","tipo_contrato","valor_total") VALUES (114,16,2,3,'2024-10-18','2024-11-17','Pessoa Física',4725.0);
INSERT INTO "contratos" ("contrato_id","cliente_id","veiculo_id","plano_id","data_inicio","data_fim","tipo_contrato","valor_total") VALUES (115,71,8,3,'2024-12-09','2025-01-08','Pessoa Física',6210.0);
INSERT INTO "contratos" ("contrato_id","cliente_id","veiculo_id","plano_id","data_inicio","data_fim","tipo_contrato","valor_total") VALUES (116,8,6,3,'2024-09-28','2024-10-28','Pessoa Jurídica',8100.0);
INSERT INTO "contratos" ("contrato_id","cliente_id","veiculo_id","plano_id","data_inicio","data_fim","tipo_contrato","valor_total") VALUES (117,15,8,1,'2024-08-31','2024-09-01','Pessoa Física',230.0);
INSERT INTO "contratos" ("contrato_id","cliente_id","veiculo_id","plano_id","data_inicio","data_fim","tipo_contrato","valor_total") VALUES (118,59,6,1,'2025-01-08','2025-01-09','Pessoa Jurídica',300.0);
INSERT INTO "contratos" ("contrato_id","cliente_id","veiculo_id","plano_id","data_inicio","data_fim","tipo_contrato","valor_total") VALUES (119,25,1,2,'2024-01-12','2024-01-19','Pessoa Física',1197.0);
INSERT INTO "contratos" ("contrato_id","cliente_id","veiculo_id","plano_id","data_inicio","data_fim","tipo_contrato","valor_total") VALUES (120,38,3,2,'2024-01-06','2024-01-13','Pessoa Física',1662.5);
INSERT INTO "contratos" ("contrato_id","cliente_id","veiculo_id","plano_id","data_inicio","data_fim","tipo_contrato","valor_total") VALUES (121,2,5,3,'2024-06-15','2024-07-15','Pessoa Física',3105.0);
INSERT INTO "contratos" ("contrato_id","cliente_id","veiculo_id","plano_id","data_inicio","data_fim","tipo_contrato","valor_total") VALUES (122,21,2,2,'2025-01-11','2025-01-18','Pessoa Física',1163.75);
INSERT INTO "contratos" ("contrato_id","cliente_id","veiculo_id","plano_id","data_inicio","data_fim","tipo_contrato","valor_total") VALUES (123,25,8,1,'2024-09-29','2024-09-30','Pessoa Física',230.0);
INSERT INTO "contratos" ("contrato_id","cliente_id","veiculo_id","plano_id","data_inicio","data_fim","tipo_contrato","valor_total") VALUES (124,76,6,1,'2024-11-04','2024-11-05','Pessoa Jurídica',300.0);
INSERT INTO "contratos" ("contrato_id","cliente_id","veiculo_id","plano_id","data_inicio","data_fim","tipo_contrato","valor_total") VALUES (125,31,2,1,'2024-01-23','2024-01-24','Pessoa Jurídica',175.0);
INSERT INTO "contratos" ("contrato_id","cliente_id","veiculo_id","plano_id","data_inicio","data_fim","tipo_contrato","valor_total") VALUES (126,2,7,3,'2025-01-23','2025-02-22','Pessoa Jurídica',7560.0);
INSERT INTO "contratos" ("contrato_id","cliente_id","veiculo_id","plano_id","data_inicio","data_fim","tipo_contrato","valor_total") VALUES (127,39,3,3,'2024-03-23','2024-04-22','Pessoa Jurídica',6750.0);
INSERT INTO "contratos" ("contrato_id","cliente_id","veiculo_id","plano_id","data_inicio","data_fim","tipo_contrato","valor_total") VALUES (128,24,8,3,'2024-09-01','2024-10-01','Pessoa Física',6210.0);
INSERT INTO "contratos" ("contrato_id","cliente_id","veiculo_id","plano_id","data_inicio","data_fim","tipo_contrato","valor_total") VALUES (129,24,8,2,'2024-01-23','2024-01-30','Pessoa Física',1529.5);
INSERT INTO "contratos" ("contrato_id","cliente_id","veiculo_id","plano_id","data_inicio","data_fim","tipo_contrato","valor_total") VALUES (130,54,4,1,'2024-09-15','2024-09-16','Pessoa Física',120.0);
INSERT INTO "contratos" ("contrato_id","cliente_id","veiculo_id","plano_id","data_inicio","data_fim","tipo_contrato","valor_total") VALUES (131,80,3,1,'2024-07-03','2024-07-04','Pessoa Jurídica',250.0);
INSERT INTO "contratos" ("contrato_id","cliente_id","veiculo_id","plano_id","data_inicio","data_fim","tipo_contrato","valor_total") VALUES (132,12,1,1,'2024-07-28','2024-07-29','Pessoa Física',180.0);
INSERT INTO "contratos" ("contrato_id","cliente_id","veiculo_id","plano_id","data_inicio","data_fim","tipo_contrato","valor_total") VALUES (133,5,7,3,'2024-11-08','2024-12-08','Pessoa Jurídica',7560.0);
INSERT INTO "contratos" ("contrato_id","cliente_id","veiculo_id","plano_id","data_inicio","data_fim","tipo_contrato","valor_total") VALUES (134,10,5,3,'2024-07-25','2024-08-24','Pessoa Física',3105.0);
INSERT INTO "contratos" ("contrato_id","cliente_id","veiculo_id","plano_id","data_inicio","data_fim","tipo_contrato","valor_total") VALUES (135,38,5,1,'2024-09-05','2024-09-06','Pessoa Física',115.0);
INSERT INTO "contratos" ("contrato_id","cliente_id","veiculo_id","plano_id","data_inicio","data_fim","tipo_contrato","valor_total") VALUES (136,55,8,3,'2024-08-16','2024-09-15','Pessoa Física',6210.0);
INSERT INTO "contratos" ("contrato_id","cliente_id","veiculo_id","plano_id","data_inicio","data_fim","tipo_contrato","valor_total") VALUES (137,28,2,2,'2024-07-04','2024-07-11','Pessoa Jurídica',1163.75);
INSERT INTO "contratos" ("contrato_id","cliente_id","veiculo_id","plano_id","data_inicio","data_fim","tipo_contrato","valor_total") VALUES (138,76,5,2,'2024-04-29','2024-05-06','Pessoa Jurídica',764.75);
INSERT INTO "contratos" ("contrato_id","cliente_id","veiculo_id","plano_id","data_inicio","data_fim","tipo_contrato","valor_total") VALUES (139,73,3,1,'2024-04-29','2024-04-30','Pessoa Física',250.0);
INSERT INTO "contratos" ("contrato_id","cliente_id","veiculo_id","plano_id","data_inicio","data_fim","tipo_contrato","valor_total") VALUES (140,61,2,3,'2024-09-13','2024-10-13','Pessoa Física',4725.0);
INSERT INTO "contratos" ("contrato_id","cliente_id","veiculo_id","plano_id","data_inicio","data_fim","tipo_contrato","valor_total") VALUES (141,25,2,2,'2024-07-25','2024-08-01','Pessoa Física',1163.75);
INSERT INTO "contratos" ("contrato_id","cliente_id","veiculo_id","plano_id","data_inicio","data_fim","tipo_contrato","valor_total") VALUES (142,16,7,3,'2024-07-23','2024-08-22','Pessoa Jurídica',7560.0);
INSERT INTO "contratos" ("contrato_id","cliente_id","veiculo_id","plano_id","data_inicio","data_fim","tipo_contrato","valor_total") VALUES (143,29,2,3,'2024-09-01','2024-10-01','Pessoa Física',4725.0);
INSERT INTO "contratos" ("contrato_id","cliente_id","veiculo_id","plano_id","data_inicio","data_fim","tipo_contrato","valor_total") VALUES (144,26,1,1,'2024-05-16','2024-05-17','Pessoa Física',180.0);
INSERT INTO "contratos" ("contrato_id","cliente_id","veiculo_id","plano_id","data_inicio","data_fim","tipo_contrato","valor_total") VALUES (145,12,2,2,'2024-03-02','2024-03-09','Pessoa Física',1163.75);
INSERT INTO "contratos" ("contrato_id","cliente_id","veiculo_id","plano_id","data_inicio","data_fim","tipo_contrato","valor_total") VALUES (146,75,4,1,'2024-04-17','2024-04-18','Pessoa Jurídica',120.0);
INSERT INTO "contratos" ("contrato_id","cliente_id","veiculo_id","plano_id","data_inicio","data_fim","tipo_contrato","valor_total") VALUES (147,39,2,1,'2024-11-29','2024-11-30','Pessoa Física',175.0);
INSERT INTO "contratos" ("contrato_id","cliente_id","veiculo_id","plano_id","data_inicio","data_fim","tipo_contrato","valor_total") VALUES (148,34,4,3,'2024-01-24','2024-02-23','Pessoa Jurídica',3240.0);
INSERT INTO "contratos" ("contrato_id","cliente_id","veiculo_id","plano_id","data_inicio","data_fim","tipo_contrato","valor_total") VALUES (149,13,8,3,'2025-01-12','2025-02-11','Pessoa Jurídica',6210.0);
INSERT INTO "contratos" ("contrato_id","cliente_id","veiculo_id","plano_id","data_inicio","data_fim","tipo_contrato","valor_total") VALUES (150,12,3,2,'2024-01-29','2024-02-05','Pessoa Física',1662.5);
INSERT INTO "contratos" ("contrato_id","cliente_id","veiculo_id","plano_id","data_inicio","data_fim","tipo_contrato","valor_total") VALUES (151,37,7,1,'2024-10-28','2024-10-29','Pessoa Física',280.0);
INSERT INTO "contratos" ("contrato_id","cliente_id","veiculo_id","plano_id","data_inicio","data_fim","tipo_contrato","valor_total") VALUES (152,10,6,2,'2024-01-25','2024-02-01','Pessoa Jurídica',1995.0);
INSERT INTO "contratos" ("contrato_id","cliente_id","veiculo_id","plano_id","data_inicio","data_fim","tipo_contrato","valor_total") VALUES (153,46,4,3,'2024-10-08','2024-11-07','Pessoa Física',3240.0);
INSERT INTO "contratos" ("contrato_id","cliente_id","veiculo_id","plano_id","data_inicio","data_fim","tipo_contrato","valor_total") VALUES (154,11,7,3,'2024-10-16','2024-11-15','Pessoa Física',7560.0);
INSERT INTO "contratos" ("contrato_id","cliente_id","veiculo_id","plano_id","data_inicio","data_fim","tipo_contrato","valor_total") VALUES (155,6,8,2,'2025-01-06','2025-01-13','Pessoa Física',1529.5);
INSERT INTO "contratos" ("contrato_id","cliente_id","veiculo_id","plano_id","data_inicio","data_fim","tipo_contrato","valor_total") VALUES (156,19,3,2,'2024-06-01','2024-06-08','Pessoa Física',1662.5);
INSERT INTO "contratos" ("contrato_id","cliente_id","veiculo_id","plano_id","data_inicio","data_fim","tipo_contrato","valor_total") VALUES (157,30,1,3,'2024-03-16','2024-04-15','Pessoa Jurídica',4860.0);
INSERT INTO "contratos" ("contrato_id","cliente_id","veiculo_id","plano_id","data_inicio","data_fim","tipo_contrato","valor_total") VALUES (158,57,1,3,'2025-02-03','2025-03-05','Pessoa Física',4860.0);
INSERT INTO "contratos" ("contrato_id","cliente_id","veiculo_id","plano_id","data_inicio","data_fim","tipo_contrato","valor_total") VALUES (159,59,1,2,'2024-01-06','2024-01-13','Pessoa Jurídica',1197.0);
INSERT INTO "contratos" ("contrato_id","cliente_id","veiculo_id","plano_id","data_inicio","data_fim","tipo_contrato","valor_total") VALUES (160,4,2,1,'2024-10-02','2024-10-03','Pessoa Física',175.0);
INSERT INTO "contratos" ("contrato_id","cliente_id","veiculo_id","plano_id","data_inicio","data_fim","tipo_contrato","valor_total") VALUES (161,36,2,2,'2024-05-27','2024-06-03','Pessoa Jurídica',1163.75);
INSERT INTO "contratos" ("contrato_id","cliente_id","veiculo_id","plano_id","data_inicio","data_fim","tipo_contrato","valor_total") VALUES (162,65,3,2,'2024-03-27','2024-04-03','Pessoa Física',1662.5);
INSERT INTO "contratos" ("contrato_id","cliente_id","veiculo_id","plano_id","data_inicio","data_fim","tipo_contrato","valor_total") VALUES (163,69,3,1,'2024-01-30','2024-01-31','Pessoa Física',250.0);
INSERT INTO "contratos" ("contrato_id","cliente_id","veiculo_id","plano_id","data_inicio","data_fim","tipo_contrato","valor_total") VALUES (164,59,4,3,'2024-02-26','2024-03-27','Pessoa Jurídica',3240.0);
INSERT INTO "contratos" ("contrato_id","cliente_id","veiculo_id","plano_id","data_inicio","data_fim","tipo_contrato","valor_total") VALUES (165,46,6,3,'2024-07-22','2024-08-21','Pessoa Física',8100.0);
INSERT INTO "contratos" ("contrato_id","cliente_id","veiculo_id","plano_id","data_inicio","data_fim","tipo_contrato","valor_total") VALUES (166,18,6,1,'2024-12-28','2024-12-29','Pessoa Jurídica',300.0);
INSERT INTO "contratos" ("contrato_id","cliente_id","veiculo_id","plano_id","data_inicio","data_fim","tipo_contrato","valor_total") VALUES (167,69,6,2,'2024-03-15','2024-03-22','Pessoa Jurídica',1995.0);
INSERT INTO "contratos" ("contrato_id","cliente_id","veiculo_id","plano_id","data_inicio","data_fim","tipo_contrato","valor_total") VALUES (168,4,7,3,'2024-04-05','2024-05-05','Pessoa Física',7560.0);
INSERT INTO "contratos" ("contrato_id","cliente_id","veiculo_id","plano_id","data_inicio","data_fim","tipo_contrato","valor_total") VALUES (169,7,5,3,'2024-01-23','2024-02-22','Pessoa Jurídica',3105.0);
INSERT INTO "contratos" ("contrato_id","cliente_id","veiculo_id","plano_id","data_inicio","data_fim","tipo_contrato","valor_total") VALUES (170,55,8,3,'2024-03-18','2024-04-17','Pessoa Jurídica',6210.0);
INSERT INTO "contratos" ("contrato_id","cliente_id","veiculo_id","plano_id","data_inicio","data_fim","tipo_contrato","valor_total") VALUES (171,16,2,3,'2024-10-05','2024-11-04','Pessoa Jurídica',4725.0);
INSERT INTO "contratos" ("contrato_id","cliente_id","veiculo_id","plano_id","data_inicio","data_fim","tipo_contrato","valor_total") VALUES (172,30,8,3,'2024-02-09','2024-03-10','Pessoa Física',6210.0);
INSERT INTO "contratos" ("contrato_id","cliente_id","veiculo_id","plano_id","data_inicio","data_fim","tipo_contrato","valor_total") VALUES (173,55,3,2,'2024-06-06','2024-06-13','Pessoa Jurídica',1662.5);
INSERT INTO "contratos" ("contrato_id","cliente_id","veiculo_id","plano_id","data_inicio","data_fim","tipo_contrato","valor_total") VALUES (174,78,3,2,'2024-12-26','2025-01-02','Pessoa Jurídica',1662.5);
INSERT INTO "contratos" ("contrato_id","cliente_id","veiculo_id","plano_id","data_inicio","data_fim","tipo_contrato","valor_total") VALUES (175,76,4,3,'2024-12-27','2025-01-26','Pessoa Jurídica',3240.0);
INSERT INTO "contratos" ("contrato_id","cliente_id","veiculo_id","plano_id","data_inicio","data_fim","tipo_contrato","valor_total") VALUES (176,47,1,3,'2024-08-31','2024-09-30','Pessoa Física',4860.0);
INSERT INTO "contratos" ("contrato_id","cliente_id","veiculo_id","plano_id","data_inicio","data_fim","tipo_contrato","valor_total") VALUES (177,17,4,1,'2024-09-11','2024-09-12','Pessoa Física',120.0);
INSERT INTO "contratos" ("contrato_id","cliente_id","veiculo_id","plano_id","data_inicio","data_fim","tipo_contrato","valor_total") VALUES (178,20,5,3,'2024-03-20','2024-04-19','Pessoa Jurídica',3105.0);
INSERT INTO "contratos" ("contrato_id","cliente_id","veiculo_id","plano_id","data_inicio","data_fim","tipo_contrato","valor_total") VALUES (179,51,2,2,'2024-02-14','2024-02-21','Pessoa Física',1163.75);
INSERT INTO "contratos" ("contrato_id","cliente_id","veiculo_id","plano_id","data_inicio","data_fim","tipo_contrato","valor_total") VALUES (180,80,3,1,'2024-01-17','2024-01-18','Pessoa Jurídica',250.0);
INSERT INTO "contratos" ("contrato_id","cliente_id","veiculo_id","plano_id","data_inicio","data_fim","tipo_contrato","valor_total") VALUES (181,80,5,2,'2024-12-29','2025-01-05','Pessoa Física',764.75);
INSERT INTO "contratos" ("contrato_id","cliente_id","veiculo_id","plano_id","data_inicio","data_fim","tipo_contrato","valor_total") VALUES (182,43,8,3,'2024-08-11','2024-09-10','Pessoa Física',6210.0);
INSERT INTO "contratos" ("contrato_id","cliente_id","veiculo_id","plano_id","data_inicio","data_fim","tipo_contrato","valor_total") VALUES (183,10,7,3,'2025-01-23','2025-02-22','Pessoa Jurídica',7560.0);
INSERT INTO "contratos" ("contrato_id","cliente_id","veiculo_id","plano_id","data_inicio","data_fim","tipo_contrato","valor_total") VALUES (184,54,1,1,'2024-06-24','2024-06-25','Pessoa Física',180.0);
INSERT INTO "contratos" ("contrato_id","cliente_id","veiculo_id","plano_id","data_inicio","data_fim","tipo_contrato","valor_total") VALUES (185,44,1,2,'2024-01-26','2024-02-02','Pessoa Jurídica',1197.0);
INSERT INTO "contratos" ("contrato_id","cliente_id","veiculo_id","plano_id","data_inicio","data_fim","tipo_contrato","valor_total") VALUES (186,38,3,1,'2024-11-18','2024-11-19','Pessoa Física',250.0);
INSERT INTO "contratos" ("contrato_id","cliente_id","veiculo_id","plano_id","data_inicio","data_fim","tipo_contrato","valor_total") VALUES (187,8,8,1,'2024-06-17','2024-06-18','Pessoa Jurídica',230.0);
INSERT INTO "contratos" ("contrato_id","cliente_id","veiculo_id","plano_id","data_inicio","data_fim","tipo_contrato","valor_total") VALUES (188,26,2,1,'2024-07-04','2024-07-05','Pessoa Jurídica',175.0);
INSERT INTO "contratos" ("contrato_id","cliente_id","veiculo_id","plano_id","data_inicio","data_fim","tipo_contrato","valor_total") VALUES (189,39,7,2,'2024-07-25','2024-08-01','Pessoa Física',1862.0);
INSERT INTO "contratos" ("contrato_id","cliente_id","veiculo_id","plano_id","data_inicio","data_fim","tipo_contrato","valor_total") VALUES (190,77,6,3,'2024-12-16','2025-01-15','Pessoa Jurídica',8100.0);
INSERT INTO "contratos" ("contrato_id","cliente_id","veiculo_id","plano_id","data_inicio","data_fim","tipo_contrato","valor_total") VALUES (191,22,1,1,'2024-09-22','2024-09-23','Pessoa Jurídica',180.0);
INSERT INTO "contratos" ("contrato_id","cliente_id","veiculo_id","plano_id","data_inicio","data_fim","tipo_contrato","valor_total") VALUES (192,78,6,1,'2024-05-12','2024-05-13','Pessoa Física',300.0);
INSERT INTO "contratos" ("contrato_id","cliente_id","veiculo_id","plano_id","data_inicio","data_fim","tipo_contrato","valor_total") VALUES (193,1,7,2,'2024-02-25','2024-03-03','Pessoa Física',1862.0);
INSERT INTO "contratos" ("contrato_id","cliente_id","veiculo_id","plano_id","data_inicio","data_fim","tipo_contrato","valor_total") VALUES (194,76,2,1,'2024-01-06','2024-01-07','Pessoa Física',175.0);
INSERT INTO "contratos" ("contrato_id","cliente_id","veiculo_id","plano_id","data_inicio","data_fim","tipo_contrato","valor_total") VALUES (195,7,6,3,'2024-11-25','2024-12-25','Pessoa Jurídica',8100.0);
INSERT INTO "contratos" ("contrato_id","cliente_id","veiculo_id","plano_id","data_inicio","data_fim","tipo_contrato","valor_total") VALUES (196,24,2,1,'2024-12-31','2025-01-01','Pessoa Jurídica',175.0);
INSERT INTO "contratos" ("contrato_id","cliente_id","veiculo_id","plano_id","data_inicio","data_fim","tipo_contrato","valor_total") VALUES (197,49,8,1,'2024-07-23','2024-07-24','Pessoa Jurídica',230.0);
INSERT INTO "contratos" ("contrato_id","cliente_id","veiculo_id","plano_id","data_inicio","data_fim","tipo_contrato","valor_total") VALUES (198,11,7,1,'2024-12-24','2024-12-25','Pessoa Física',280.0);
INSERT INTO "contratos" ("contrato_id","cliente_id","veiculo_id","plano_id","data_inicio","data_fim","tipo_contrato","valor_total") VALUES (199,38,6,2,'2024-05-17','2024-05-24','Pessoa Jurídica',1995.0);
INSERT INTO "contratos" ("contrato_id","cliente_id","veiculo_id","plano_id","data_inicio","data_fim","tipo_contrato","valor_total") VALUES (200,29,6,1,'2024-07-23','2024-07-24','Pessoa Física',300.0);
INSERT INTO "pagamentos" ("pagamento_id","contrato_id","valor_pago","valor_faltante","status") VALUES (1,1,2526.36,713.64,'Pendente');
INSERT INTO "pagamentos" ("pagamento_id","contrato_id","valor_pago","valor_faltante","status") VALUES (2,2,1919.16,1185.84,'Pendente');
INSERT INTO "pagamentos" ("pagamento_id","contrato_id","valor_pago","valor_faltante","status") VALUES (3,3,202.8,97.2,'Pendente');
INSERT INTO "pagamentos" ("pagamento_id","contrato_id","valor_pago","valor_faltante","status") VALUES (4,4,4457.27,1752.73,'Pendente');
INSERT INTO "pagamentos" ("pagamento_id","contrato_id","valor_pago","valor_faltante","status") VALUES (5,5,168.73,81.27,'Pendente');
INSERT INTO "pagamentos" ("pagamento_id","contrato_id","valor_pago","valor_faltante","status") VALUES (6,6,624.03,173.97,'Pendente');
INSERT INTO "pagamentos" ("pagamento_id","contrato_id","valor_pago","valor_faltante","status") VALUES (7,7,100.13,74.87,'Pendente');
INSERT INTO "pagamentos" ("pagamento_id","contrato_id","valor_pago","valor_faltante","status") VALUES (8,8,120.15,59.85,'Pendente');
INSERT INTO "pagamentos" ("pagamento_id","contrato_id","valor_pago","valor_faltante","status") VALUES (9,9,138.95,36.05,'Pendente');
INSERT INTO "pagamentos" ("pagamento_id","contrato_id","valor_pago","valor_faltante","status") VALUES (10,10,4413.68,311.32,'Pendente');
INSERT INTO "pagamentos" ("pagamento_id","contrato_id","valor_pago","valor_faltante","status") VALUES (11,11,4808.66,2751.34,'Pendente');
INSERT INTO "pagamentos" ("pagamento_id","contrato_id","valor_pago","valor_faltante","status") VALUES (12,12,644.85,518.9,'Pendente');
INSERT INTO "pagamentos" ("pagamento_id","contrato_id","valor_pago","valor_faltante","status") VALUES (13,13,103.52,16.48,'Pendente');
INSERT INTO "pagamentos" ("pagamento_id","contrato_id","valor_pago","valor_faltante","status") VALUES (14,14,2885.1,1839.9,'Pendente');
INSERT INTO "pagamentos" ("pagamento_id","contrato_id","valor_pago","valor_faltante","status") VALUES (15,15,4839.08,2720.92,'Pendente');
INSERT INTO "pagamentos" ("pagamento_id","contrato_id","valor_pago","valor_faltante","status") VALUES (16,16,4807.93,52.07,'Pendente');
INSERT INTO "pagamentos" ("pagamento_id","contrato_id","valor_pago","valor_faltante","status") VALUES (17,17,437.14,360.86,'Pendente');
INSERT INTO "pagamentos" ("pagamento_id","contrato_id","valor_pago","valor_faltante","status") VALUES (18,18,1117.96,79.04,'Pendente');
INSERT INTO "pagamentos" ("pagamento_id","contrato_id","valor_pago","valor_faltante","status") VALUES (19,19,89.54,30.46,'Pendente');
INSERT INTO "pagamentos" ("pagamento_id","contrato_id","valor_pago","valor_faltante","status") VALUES (20,20,139.4,35.6,'Pendente');
INSERT INTO "pagamentos" ("pagamento_id","contrato_id","valor_pago","valor_faltante","status") VALUES (21,21,130.04,44.96,'Pendente');
INSERT INTO "pagamentos" ("pagamento_id","contrato_id","valor_pago","valor_faltante","status") VALUES (22,22,1536.38,325.62,'Pendente');
INSERT INTO "pagamentos" ("pagamento_id","contrato_id","valor_pago","valor_faltante","status") VALUES (23,23,232.72,17.28,'Pendente');
INSERT INTO "pagamentos" ("pagamento_id","contrato_id","valor_pago","valor_faltante","status") VALUES (24,24,2223.29,881.71,'Pendente');
INSERT INTO "pagamentos" ("pagamento_id","contrato_id","valor_pago","valor_faltante","status") VALUES (25,25,86.75,33.25,'Pendente');
INSERT INTO "pagamentos" ("pagamento_id","contrato_id","valor_pago","valor_faltante","status") VALUES (26,26,2008.95,1231.05,'Pendente');
INSERT INTO "pagamentos" ("pagamento_id","contrato_id","valor_pago","valor_faltante","status") VALUES (27,27,729.62,35.13,'Pendente');
INSERT INTO "pagamentos" ("pagamento_id","contrato_id","valor_pago","valor_faltante","status") VALUES (28,28,1160.92,501.58,'Pendente');
INSERT INTO "pagamentos" ("pagamento_id","contrato_id","valor_pago","valor_faltante","status") VALUES (29,29,1433.8,228.7,'Pendente');
INSERT INTO "pagamentos" ("pagamento_id","contrato_id","valor_pago","valor_faltante","status") VALUES (30,30,163.34,11.66,'Pendente');
INSERT INTO "pagamentos" ("pagamento_id","contrato_id","valor_pago","valor_faltante","status") VALUES (31,31,509.38,255.37,'Pendente');
INSERT INTO "pagamentos" ("pagamento_id","contrato_id","valor_pago","valor_faltante","status") VALUES (32,32,179.78,0.22,'Pendente');
INSERT INTO "pagamentos" ("pagamento_id","contrato_id","valor_pago","valor_faltante","status") VALUES (33,33,1639.84,222.16,'Pendente');
INSERT INTO "pagamentos" ("pagamento_id","contrato_id","valor_pago","valor_faltante","status") VALUES (34,34,175.22,74.78,'Pendente');
INSERT INTO "pagamentos" ("pagamento_id","contrato_id","valor_pago","valor_faltante","status") VALUES (35,35,980.51,216.49,'Pendente');
INSERT INTO "pagamentos" ("pagamento_id","contrato_id","valor_pago","valor_faltante","status") VALUES (36,36,4463.89,3096.11,'Pendente');
INSERT INTO "pagamentos" ("pagamento_id","contrato_id","valor_pago","valor_faltante","status") VALUES (37,37,3033.41,1826.59,'Pendente');
INSERT INTO "pagamentos" ("pagamento_id","contrato_id","valor_pago","valor_faltante","status") VALUES (38,38,204.68,25.32,'Pendente');
INSERT INTO "pagamentos" ("pagamento_id","contrato_id","valor_pago","valor_faltante","status") VALUES (39,39,4019.2,3540.8,'Pendente');
INSERT INTO "pagamentos" ("pagamento_id","contrato_id","valor_pago","valor_faltante","status") VALUES (40,40,2470.08,634.92,'Pendente');
INSERT INTO "pagamentos" ("pagamento_id","contrato_id","valor_pago","valor_faltante","status") VALUES (41,41,1116.19,47.56,'Pendente');
INSERT INTO "pagamentos" ("pagamento_id","contrato_id","valor_pago","valor_faltante","status") VALUES (42,42,3532.35,1327.65,'Pendente');
INSERT INTO "pagamentos" ("pagamento_id","contrato_id","valor_pago","valor_faltante","status") VALUES (43,43,1016.4,845.6,'Pendente');
INSERT INTO "pagamentos" ("pagamento_id","contrato_id","valor_pago","valor_faltante","status") VALUES (44,44,256.53,23.47,'Pendente');
INSERT INTO "pagamentos" ("pagamento_id","contrato_id","valor_pago","valor_faltante","status") VALUES (45,45,3106.8,3103.2,'Pendente');
INSERT INTO "pagamentos" ("pagamento_id","contrato_id","valor_pago","valor_faltante","status") VALUES (46,46,1054.65,940.35,'Pendente');
INSERT INTO "pagamentos" ("pagamento_id","contrato_id","valor_pago","valor_faltante","status") VALUES (47,47,2950.25,154.75,'Pendente');
INSERT INTO "pagamentos" ("pagamento_id","contrato_id","valor_pago","valor_faltante","status") VALUES (48,48,3180.62,3029.38,'Pendente');
INSERT INTO "pagamentos" ("pagamento_id","contrato_id","valor_pago","valor_faltante","status") VALUES (49,49,227.44,72.56,'Pendente');
INSERT INTO "pagamentos" ("pagamento_id","contrato_id","valor_pago","valor_faltante","status") VALUES (50,50,4115.19,744.81,'Pendente');
INSERT INTO "pagamentos" ("pagamento_id","contrato_id","valor_pago","valor_faltante","status") VALUES (51,51,874.67,787.83,'Pendente');
INSERT INTO "pagamentos" ("pagamento_id","contrato_id","valor_pago","valor_faltante","status") VALUES (52,52,1232.06,762.94,'Pendente');
INSERT INTO "pagamentos" ("pagamento_id","contrato_id","valor_pago","valor_faltante","status") VALUES (53,53,6116.85,633.15,'Pendente');
INSERT INTO "pagamentos" ("pagamento_id","contrato_id","valor_pago","valor_faltante","status") VALUES (54,54,134.63,40.37,'Pendente');
INSERT INTO "pagamentos" ("pagamento_id","contrato_id","valor_pago","valor_faltante","status") VALUES (55,55,226.15,23.85,'Pendente');
INSERT INTO "pagamentos" ("pagamento_id","contrato_id","valor_pago","valor_faltante","status") VALUES (56,56,176.92,3.08,'Pendente');
INSERT INTO "pagamentos" ("pagamento_id","contrato_id","valor_pago","valor_faltante","status") VALUES (57,57,150.47,149.53,'Pendente');
INSERT INTO "pagamentos" ("pagamento_id","contrato_id","valor_pago","valor_faltante","status") VALUES (58,58,980.19,183.56,'Pendente');
INSERT INTO "pagamentos" ("pagamento_id","contrato_id","valor_pago","valor_faltante","status") VALUES (59,59,150.83,29.17,'Pendente');
INSERT INTO "pagamentos" ("pagamento_id","contrato_id","valor_pago","valor_faltante","status") VALUES (60,60,695.3,468.45,'Pendente');
INSERT INTO "pagamentos" ("pagamento_id","contrato_id","valor_pago","valor_faltante","status") VALUES (61,61,537.83,260.17,'Pendente');
INSERT INTO "pagamentos" ("pagamento_id","contrato_id","valor_pago","valor_faltante","status") VALUES (62,62,993.12,868.88,'Pendente');
INSERT INTO "pagamentos" ("pagamento_id","contrato_id","valor_pago","valor_faltante","status") VALUES (63,63,191.4,88.6,'Pendente');
INSERT INTO "pagamentos" ("pagamento_id","contrato_id","valor_pago","valor_faltante","status") VALUES (64,64,949.49,214.26,'Pendente');
INSERT INTO "pagamentos" ("pagamento_id","contrato_id","valor_pago","valor_faltante","status") VALUES (65,65,90.7,24.3,'Pendente');
INSERT INTO "pagamentos" ("pagamento_id","contrato_id","valor_pago","valor_faltante","status") VALUES (66,66,1231.81,763.19,'Pendente');
INSERT INTO "pagamentos" ("pagamento_id","contrato_id","valor_pago","valor_faltante","status") VALUES (67,67,4440.69,419.31,'Pendente');
INSERT INTO "pagamentos" ("pagamento_id","contrato_id","valor_pago","valor_faltante","status") VALUES (68,68,3724.93,1135.07,'Pendente');
INSERT INTO "pagamentos" ("pagamento_id","contrato_id","valor_pago","valor_faltante","status") VALUES (69,69,1617.2,244.8,'Pendente');
INSERT INTO "pagamentos" ("pagamento_id","contrato_id","valor_pago","valor_faltante","status") VALUES (70,70,431.21,366.79,'Pendente');
INSERT INTO "pagamentos" ("pagamento_id","contrato_id","valor_pago","valor_faltante","status") VALUES (71,71,4236.33,488.67,'Pendente');
INSERT INTO "pagamentos" ("pagamento_id","contrato_id","valor_pago","valor_faltante","status") VALUES (72,72,1271.28,723.72,'Pendente');
INSERT INTO "pagamentos" ("pagamento_id","contrato_id","valor_pago","valor_faltante","status") VALUES (73,73,117.44,112.56,'Pendente');
INSERT INTO "pagamentos" ("pagamento_id","contrato_id","valor_pago","valor_faltante","status") VALUES (74,74,3243.35,1481.65,'Pendente');
INSERT INTO "pagamentos" ("pagamento_id","contrato_id","valor_pago","valor_faltante","status") VALUES (75,75,129.7,120.3,'Pendente');
INSERT INTO "pagamentos" ("pagamento_id","contrato_id","valor_pago","valor_faltante","status") VALUES (76,76,148.12,81.88,'Pendente');
INSERT INTO "pagamentos" ("pagamento_id","contrato_id","valor_pago","valor_faltante","status") VALUES (77,77,177.32,102.68,'Pendente');
INSERT INTO "pagamentos" ("pagamento_id","contrato_id","valor_pago","valor_faltante","status") VALUES (78,78,85.29,34.71,'Pendente');
INSERT INTO "pagamentos" ("pagamento_id","contrato_id","valor_pago","valor_faltante","status") VALUES (79,79,1086.07,77.68,'Pendente');
INSERT INTO "pagamentos" ("pagamento_id","contrato_id","valor_pago","valor_faltante","status") VALUES (80,80,2927.31,1797.69,'Pendente');
INSERT INTO "pagamentos" ("pagamento_id","contrato_id","valor_pago","valor_faltante","status") VALUES (81,81,966.82,895.18,'Pendente');
INSERT INTO "pagamentos" ("pagamento_id","contrato_id","valor_pago","valor_faltante","status") VALUES (82,82,1102.44,759.56,'Pendente');
INSERT INTO "pagamentos" ("pagamento_id","contrato_id","valor_pago","valor_faltante","status") VALUES (83,83,1113.92,49.83,'Pendente');
INSERT INTO "pagamentos" ("pagamento_id","contrato_id","valor_pago","valor_faltante","status") VALUES (84,84,209.15,40.85,'Pendente');
INSERT INTO "pagamentos" ("pagamento_id","contrato_id","valor_pago","valor_faltante","status") VALUES (85,85,229.56,20.44,'Pendente');
INSERT INTO "pagamentos" ("pagamento_id","contrato_id","valor_pago","valor_faltante","status") VALUES (86,86,768.7,29.3,'Pendente');
INSERT INTO "pagamentos" ("pagamento_id","contrato_id","valor_pago","valor_faltante","status") VALUES (87,87,920.74,608.76,'Pendente');
INSERT INTO "pagamentos" ("pagamento_id","contrato_id","valor_pago","valor_faltante","status") VALUES (88,88,953.56,575.94,'Pendente');
INSERT INTO "pagamentos" ("pagamento_id","contrato_id","valor_pago","valor_faltante","status") VALUES (89,89,1133.94,29.81,'Pendente');
INSERT INTO "pagamentos" ("pagamento_id","contrato_id","valor_pago","valor_faltante","status") VALUES (90,90,60.08,59.92,'Pendente');
INSERT INTO "pagamentos" ("pagamento_id","contrato_id","valor_pago","valor_faltante","status") VALUES (91,91,543.26,221.49,'Pendente');
INSERT INTO "pagamentos" ("pagamento_id","contrato_id","valor_pago","valor_faltante","status") VALUES (92,92,4475.01,384.99,'Pendente');
INSERT INTO "pagamentos" ("pagamento_id","contrato_id","valor_pago","valor_faltante","status") VALUES (93,93,2555.29,2169.71,'Pendente');
INSERT INTO "pagamentos" ("pagamento_id","contrato_id","valor_pago","valor_faltante","status") VALUES (94,94,137.4,92.6,'Pendente');
INSERT INTO "pagamentos" ("pagamento_id","contrato_id","valor_pago","valor_faltante","status") VALUES (95,95,139.4,90.6,'Pendente');
INSERT INTO "pagamentos" ("pagamento_id","contrato_id","valor_pago","valor_faltante","status") VALUES (96,96,649.49,148.51,'Pendente');
INSERT INTO "pagamentos" ("pagamento_id","contrato_id","valor_pago","valor_faltante","status") VALUES (97,97,103.21,71.79,'Pendente');
INSERT INTO "pagamentos" ("pagamento_id","contrato_id","valor_pago","valor_faltante","status") VALUES (98,98,668.78,494.97,'Pendente');
INSERT INTO "pagamentos" ("pagamento_id","contrato_id","valor_pago","valor_faltante","status") VALUES (99,99,1040.72,621.78,'Pendente');
INSERT INTO "pagamentos" ("pagamento_id","contrato_id","valor_pago","valor_faltante","status") VALUES (100,100,470.22,327.78,'Pendente');
INSERT INTO "pagamentos" ("pagamento_id","contrato_id","valor_pago","valor_faltante","status") VALUES (101,101,5418.97,1331.03,'Pendente');
INSERT INTO "pagamentos" ("pagamento_id","contrato_id","valor_pago","valor_faltante","status") VALUES (102,102,646.12,118.63,'Pendente');
INSERT INTO "pagamentos" ("pagamento_id","contrato_id","valor_pago","valor_faltante","status") VALUES (103,103,1803.45,58.55,'Pendente');
INSERT INTO "pagamentos" ("pagamento_id","contrato_id","valor_pago","valor_faltante","status") VALUES (104,104,146.03,133.97,'Pendente');
INSERT INTO "pagamentos" ("pagamento_id","contrato_id","valor_pago","valor_faltante","status") VALUES (105,105,1256.24,406.26,'Pendente');
INSERT INTO "pagamentos" ("pagamento_id","contrato_id","valor_pago","valor_faltante","status") VALUES (106,106,4151.73,573.27,'Pendente');
INSERT INTO "pagamentos" ("pagamento_id","contrato_id","valor_pago","valor_faltante","status") VALUES (107,107,614.14,150.61,'Pendente');
INSERT INTO "pagamentos" ("pagamento_id","contrato_id","valor_pago","valor_faltante","status") VALUES (108,108,518.22,279.78,'Pendente');
INSERT INTO "pagamentos" ("pagamento_id","contrato_id","valor_pago","valor_faltante","status") VALUES (109,109,716.14,447.61,'Pendente');
INSERT INTO "pagamentos" ("pagamento_id","contrato_id","valor_pago","valor_faltante","status") VALUES (110,110,4071.26,3488.74,'Pendente');
INSERT INTO "pagamentos" ("pagamento_id","contrato_id","valor_pago","valor_faltante","status") VALUES (111,111,142.16,32.84,'Pendente');
INSERT INTO "pagamentos" ("pagamento_id","contrato_id","valor_pago","valor_faltante","status") VALUES (112,112,4570.72,2179.28,'Pendente');
INSERT INTO "pagamentos" ("pagamento_id","contrato_id","valor_pago","valor_faltante","status") VALUES (113,113,140.34,109.66,'Pendente');
INSERT INTO "pagamentos" ("pagamento_id","contrato_id","valor_pago","valor_faltante","status") VALUES (114,114,4559.07,165.93,'Pendente');
INSERT INTO "pagamentos" ("pagamento_id","contrato_id","valor_pago","valor_faltante","status") VALUES (115,115,5261.88,948.12,'Pendente');
INSERT INTO "pagamentos" ("pagamento_id","contrato_id","valor_pago","valor_faltante","status") VALUES (116,116,5642.51,2457.49,'Pendente');
INSERT INTO "pagamentos" ("pagamento_id","contrato_id","valor_pago","valor_faltante","status") VALUES (117,117,151.37,78.63,'Pendente');
INSERT INTO "pagamentos" ("pagamento_id","contrato_id","valor_pago","valor_faltante","status") VALUES (118,118,214.57,85.43,'Pendente');
INSERT INTO "pagamentos" ("pagamento_id","contrato_id","valor_pago","valor_faltante","status") VALUES (119,119,962.9,234.1,'Pendente');
INSERT INTO "pagamentos" ("pagamento_id","contrato_id","valor_pago","valor_faltante","status") VALUES (120,120,1171.85,490.65,'Pendente');
INSERT INTO "pagamentos" ("pagamento_id","contrato_id","valor_pago","valor_faltante","status") VALUES (121,121,2200.63,904.37,'Pendente');
INSERT INTO "pagamentos" ("pagamento_id","contrato_id","valor_pago","valor_faltante","status") VALUES (122,122,776.32,387.43,'Pendente');
INSERT INTO "pagamentos" ("pagamento_id","contrato_id","valor_pago","valor_faltante","status") VALUES (123,123,147.83,82.17,'Pendente');
INSERT INTO "pagamentos" ("pagamento_id","contrato_id","valor_pago","valor_faltante","status") VALUES (124,124,221.59,78.41,'Pendente');
INSERT INTO "pagamentos" ("pagamento_id","contrato_id","valor_pago","valor_faltante","status") VALUES (125,125,100.9,74.1,'Pendente');
INSERT INTO "pagamentos" ("pagamento_id","contrato_id","valor_pago","valor_faltante","status") VALUES (126,126,7511.0,49.0,'Pendente');
INSERT INTO "pagamentos" ("pagamento_id","contrato_id","valor_pago","valor_faltante","status") VALUES (127,127,6011.82,738.18,'Pendente');
INSERT INTO "pagamentos" ("pagamento_id","contrato_id","valor_pago","valor_faltante","status") VALUES (128,128,4202.31,2007.69,'Pendente');
INSERT INTO "pagamentos" ("pagamento_id","contrato_id","valor_pago","valor_faltante","status") VALUES (129,129,813.09,716.41,'Pendente');
INSERT INTO "pagamentos" ("pagamento_id","contrato_id","valor_pago","valor_faltante","status") VALUES (130,130,112.34,7.66,'Pendente');
INSERT INTO "pagamentos" ("pagamento_id","contrato_id","valor_pago","valor_faltante","status") VALUES (131,131,187.57,62.43,'Pendente');
INSERT INTO "pagamentos" ("pagamento_id","contrato_id","valor_pago","valor_faltante","status") VALUES (132,132,121.43,58.57,'Pendente');
INSERT INTO "pagamentos" ("pagamento_id","contrato_id","valor_pago","valor_faltante","status") VALUES (133,133,5714.23,1845.77,'Pendente');
INSERT INTO "pagamentos" ("pagamento_id","contrato_id","valor_pago","valor_faltante","status") VALUES (134,134,2396.6,708.4,'Pendente');
INSERT INTO "pagamentos" ("pagamento_id","contrato_id","valor_pago","valor_faltante","status") VALUES (135,135,105.36,9.64,'Pendente');
INSERT INTO "pagamentos" ("pagamento_id","contrato_id","valor_pago","valor_faltante","status") VALUES (136,136,6093.65,116.35,'Pendente');
INSERT INTO "pagamentos" ("pagamento_id","contrato_id","valor_pago","valor_faltante","status") VALUES (137,137,1147.65,16.1,'Pendente');
INSERT INTO "pagamentos" ("pagamento_id","contrato_id","valor_pago","valor_faltante","status") VALUES (138,138,518.92,245.83,'Pendente');
INSERT INTO "pagamentos" ("pagamento_id","contrato_id","valor_pago","valor_faltante","status") VALUES (139,139,172.63,77.37,'Pendente');
INSERT INTO "pagamentos" ("pagamento_id","contrato_id","valor_pago","valor_faltante","status") VALUES (140,140,3311.05,1413.95,'Pendente');
INSERT INTO "pagamentos" ("pagamento_id","contrato_id","valor_pago","valor_faltante","status") VALUES (141,141,877.47,286.28,'Pendente');
INSERT INTO "pagamentos" ("pagamento_id","contrato_id","valor_pago","valor_faltante","status") VALUES (142,142,4077.6,3482.4,'Pendente');
INSERT INTO "pagamentos" ("pagamento_id","contrato_id","valor_pago","valor_faltante","status") VALUES (143,143,4079.24,645.76,'Pendente');
INSERT INTO "pagamentos" ("pagamento_id","contrato_id","valor_pago","valor_faltante","status") VALUES (144,144,159.05,20.95,'Pendente');
INSERT INTO "pagamentos" ("pagamento_id","contrato_id","valor_pago","valor_faltante","status") VALUES (145,145,1016.86,146.89,'Pendente');
INSERT INTO "pagamentos" ("pagamento_id","contrato_id","valor_pago","valor_faltante","status") VALUES (146,146,92.61,27.39,'Pendente');
INSERT INTO "pagamentos" ("pagamento_id","contrato_id","valor_pago","valor_faltante","status") VALUES (147,147,163.44,11.56,'Pendente');
INSERT INTO "pagamentos" ("pagamento_id","contrato_id","valor_pago","valor_faltante","status") VALUES (148,148,1841.13,1398.87,'Pendente');
INSERT INTO "pagamentos" ("pagamento_id","contrato_id","valor_pago","valor_faltante","status") VALUES (149,149,3686.88,2523.12,'Pendente');
INSERT INTO "pagamentos" ("pagamento_id","contrato_id","valor_pago","valor_faltante","status") VALUES (150,150,1316.27,346.23,'Pendente');
INSERT INTO "pagamentos" ("pagamento_id","contrato_id","valor_pago","valor_faltante","status") VALUES (151,151,151.67,128.33,'Pendente');
INSERT INTO "pagamentos" ("pagamento_id","contrato_id","valor_pago","valor_faltante","status") VALUES (152,152,1744.61,250.39,'Pendente');
INSERT INTO "pagamentos" ("pagamento_id","contrato_id","valor_pago","valor_faltante","status") VALUES (153,153,2204.48,1035.52,'Pendente');
INSERT INTO "pagamentos" ("pagamento_id","contrato_id","valor_pago","valor_faltante","status") VALUES (154,154,5149.3,2410.7,'Pendente');
INSERT INTO "pagamentos" ("pagamento_id","contrato_id","valor_pago","valor_faltante","status") VALUES (155,155,770.3,759.2,'Pendente');
INSERT INTO "pagamentos" ("pagamento_id","contrato_id","valor_pago","valor_faltante","status") VALUES (156,156,1273.9,388.6,'Pendente');
INSERT INTO "pagamentos" ("pagamento_id","contrato_id","valor_pago","valor_faltante","status") VALUES (157,157,2998.06,1861.94,'Pendente');
INSERT INTO "pagamentos" ("pagamento_id","contrato_id","valor_pago","valor_faltante","status") VALUES (158,158,4100.62,759.38,'Pendente');
INSERT INTO "pagamentos" ("pagamento_id","contrato_id","valor_pago","valor_faltante","status") VALUES (159,159,894.17,302.83,'Pendente');
INSERT INTO "pagamentos" ("pagamento_id","contrato_id","valor_pago","valor_faltante","status") VALUES (160,160,150.91,24.09,'Pendente');
INSERT INTO "pagamentos" ("pagamento_id","contrato_id","valor_pago","valor_faltante","status") VALUES (161,161,659.87,503.88,'Pendente');
INSERT INTO "pagamentos" ("pagamento_id","contrato_id","valor_pago","valor_faltante","status") VALUES (162,162,879.15,783.35,'Pendente');
INSERT INTO "pagamentos" ("pagamento_id","contrato_id","valor_pago","valor_faltante","status") VALUES (163,163,152.96,97.04,'Pendente');
INSERT INTO "pagamentos" ("pagamento_id","contrato_id","valor_pago","valor_faltante","status") VALUES (164,164,2455.67,784.33,'Pendente');
INSERT INTO "pagamentos" ("pagamento_id","contrato_id","valor_pago","valor_faltante","status") VALUES (165,165,5060.2,3039.8,'Pendente');
INSERT INTO "pagamentos" ("pagamento_id","contrato_id","valor_pago","valor_faltante","status") VALUES (166,166,246.02,53.98,'Pendente');
INSERT INTO "pagamentos" ("pagamento_id","contrato_id","valor_pago","valor_faltante","status") VALUES (167,167,1980.37,14.63,'Pendente');
INSERT INTO "pagamentos" ("pagamento_id","contrato_id","valor_pago","valor_faltante","status") VALUES (168,168,7149.2,410.8,'Pendente');
INSERT INTO "pagamentos" ("pagamento_id","contrato_id","valor_pago","valor_faltante","status") VALUES (169,169,1979.39,1125.61,'Pendente');
INSERT INTO "pagamentos" ("pagamento_id","contrato_id","valor_pago","valor_faltante","status") VALUES (170,170,4924.67,1285.33,'Pendente');
INSERT INTO "pagamentos" ("pagamento_id","contrato_id","valor_pago","valor_faltante","status") VALUES (171,171,4393.7,331.3,'Pendente');
INSERT INTO "pagamentos" ("pagamento_id","contrato_id","valor_pago","valor_faltante","status") VALUES (172,172,3563.89,2646.11,'Pendente');
INSERT INTO "pagamentos" ("pagamento_id","contrato_id","valor_pago","valor_faltante","status") VALUES (173,173,928.86,733.64,'Pendente');
INSERT INTO "pagamentos" ("pagamento_id","contrato_id","valor_pago","valor_faltante","status") VALUES (174,174,1255.07,407.43,'Pendente');
INSERT INTO "pagamentos" ("pagamento_id","contrato_id","valor_pago","valor_faltante","status") VALUES (175,175,2276.72,963.28,'Pendente');
INSERT INTO "pagamentos" ("pagamento_id","contrato_id","valor_pago","valor_faltante","status") VALUES (176,176,3069.44,1790.56,'Pendente');
INSERT INTO "pagamentos" ("pagamento_id","contrato_id","valor_pago","valor_faltante","status") VALUES (177,177,60.6,59.4,'Pendente');
INSERT INTO "pagamentos" ("pagamento_id","contrato_id","valor_pago","valor_faltante","status") VALUES (178,178,2001.19,1103.81,'Pendente');
INSERT INTO "pagamentos" ("pagamento_id","contrato_id","valor_pago","valor_faltante","status") VALUES (179,179,669.71,494.04,'Pendente');
INSERT INTO "pagamentos" ("pagamento_id","contrato_id","valor_pago","valor_faltante","status") VALUES (180,180,179.35,70.65,'Pendente');
INSERT INTO "pagamentos" ("pagamento_id","contrato_id","valor_pago","valor_faltante","status") VALUES (181,181,622.81,141.94,'Pendente');
INSERT INTO "pagamentos" ("pagamento_id","contrato_id","valor_pago","valor_faltante","status") VALUES (182,182,3851.23,2358.77,'Pendente');
INSERT INTO "pagamentos" ("pagamento_id","contrato_id","valor_pago","valor_faltante","status") VALUES (183,183,5996.49,1563.51,'Pendente');
INSERT INTO "pagamentos" ("pagamento_id","contrato_id","valor_pago","valor_faltante","status") VALUES (184,184,171.84,8.16,'Pendente');
INSERT INTO "pagamentos" ("pagamento_id","contrato_id","valor_pago","valor_faltante","status") VALUES (185,185,718.85,478.15,'Pendente');
INSERT INTO "pagamentos" ("pagamento_id","contrato_id","valor_pago","valor_faltante","status") VALUES (186,186,192.56,57.44,'Pendente');
INSERT INTO "pagamentos" ("pagamento_id","contrato_id","valor_pago","valor_faltante","status") VALUES (187,187,203.92,26.08,'Pendente');
INSERT INTO "pagamentos" ("pagamento_id","contrato_id","valor_pago","valor_faltante","status") VALUES (188,188,118.01,56.99,'Pendente');
INSERT INTO "pagamentos" ("pagamento_id","contrato_id","valor_pago","valor_faltante","status") VALUES (189,189,1730.29,131.71,'Pendente');
INSERT INTO "pagamentos" ("pagamento_id","contrato_id","valor_pago","valor_faltante","status") VALUES (190,190,6720.41,1379.59,'Pendente');
INSERT INTO "pagamentos" ("pagamento_id","contrato_id","valor_pago","valor_faltante","status") VALUES (191,191,91.61,88.39,'Pendente');
INSERT INTO "pagamentos" ("pagamento_id","contrato_id","valor_pago","valor_faltante","status") VALUES (192,192,162.01,137.99,'Pendente');
INSERT INTO "pagamentos" ("pagamento_id","contrato_id","valor_pago","valor_faltante","status") VALUES (193,193,1831.78,30.22,'Pendente');
INSERT INTO "pagamentos" ("pagamento_id","contrato_id","valor_pago","valor_faltante","status") VALUES (194,194,167.6,7.4,'Pendente');
INSERT INTO "pagamentos" ("pagamento_id","contrato_id","valor_pago","valor_faltante","status") VALUES (195,195,5874.46,2225.54,'Pendente');
INSERT INTO "pagamentos" ("pagamento_id","contrato_id","valor_pago","valor_faltante","status") VALUES (196,196,101.85,73.15,'Pendente');
INSERT INTO "pagamentos" ("pagamento_id","contrato_id","valor_pago","valor_faltante","status") VALUES (197,197,182.01,47.99,'Pendente');
INSERT INTO "pagamentos" ("pagamento_id","contrato_id","valor_pago","valor_faltante","status") VALUES (198,198,209.1,70.9,'Pendente');
INSERT INTO "pagamentos" ("pagamento_id","contrato_id","valor_pago","valor_faltante","status") VALUES (199,199,1704.92,290.08,'Pendente');
INSERT INTO "pagamentos" ("pagamento_id","contrato_id","valor_pago","valor_faltante","status") VALUES (200,200,270.91,29.09,'Pendente');
INSERT INTO "planos" ("plano_id","nome_plano","duracao_dias","desconto_percent") VALUES (1,'Diário',1,0.0);
INSERT INTO "planos" ("plano_id","nome_plano","duracao_dias","desconto_percent") VALUES (2,'Semanal',7,5.0);
INSERT INTO "planos" ("plano_id","nome_plano","duracao_dias","desconto_percent") VALUES (3,'Mensal',30,10.0);
INSERT INTO "veiculos" ("veiculo_id","modelo","categoria","valor_dia") VALUES (1,'Toyota Corolla','Sedan',180.0);
INSERT INTO "veiculos" ("veiculo_id","modelo","categoria","valor_dia") VALUES (2,'Honda Civic','Sedan',175.0);
INSERT INTO "veiculos" ("veiculo_id","modelo","categoria","valor_dia") VALUES (3,'Jeep Compass','SUV',250.0);
INSERT INTO "veiculos" ("veiculo_id","modelo","categoria","valor_dia") VALUES (4,'Hyundai HB20','Hatch',120.0);
INSERT INTO "veiculos" ("veiculo_id","modelo","categoria","valor_dia") VALUES (5,'Chevrolet Onix','Hatch',115.0);
INSERT INTO "veiculos" ("veiculo_id","modelo","categoria","valor_dia") VALUES (6,'Ford Ranger','Picape',300.0);
INSERT INTO "veiculos" ("veiculo_id","modelo","categoria","valor_dia") VALUES (7,'Fiat Toro','Picape',280.0);
INSERT INTO "veiculos" ("veiculo_id","modelo","categoria","valor_dia") VALUES (8,'Volkswagen T-Cross','SUV',230.0);
COMMIT;
